flag; num; time_ms; bme_temp; bme_press; photorez; ds_temp; status; find; crc
1;2;992;2546;99167;0;0;1;0;26323
1;3;1328;2554;99170;0;246;1;0;49972
1;4;1643;2560;99173;0;246;1;0;47175
1;5;1973;2564;99174;0;247;1;0;27179
1;6;2318;2567;99175;0;247;1;0;47812
1;7;2633;2570;99176;0;247;1;0;18075
1;8;2859;2571;99176;0;247;1;0;25663
1;9;3305;2572;99176;0;247;1;0;45439
1;10;3620;2573;99176;0;247;1;0;39427
1;11;3849;2573;99176;0;247;1;0;1088
1;12;4289;2574;99176;0;247;1;0;42230
1;13;4619;2575;99175;0;248;1;0;49137
1;14;4934;2576;99175;0;248;1;0;7757
1;15;5254;2576;99172;0;248;1;0;22587
1;16;5502;2576;99171;0;248;1;0;28353
1;17;5817;2577;99171;0;248;1;0;59218
1;18;6237;2578;99170;0;248;1;0;41990
1;19;6483;2578;99170;0;248;1;0;14177
1;20;6797;2579;99170;0;248;1;0;54017
1;21;7237;2580;99169;0;248;1;0;28747
1;22;7575;2580;99168;0;248;1;0;50671
1;23;7890;2581;99168;0;248;1;0;40368
1;24;8222;2581;99167;0;248;1;0;47953
1;25;8536;2581;99166;0;248;1;0;3947
1;26;8766;2582;99166;0;248;1;0;31945
1;27;8992;2582;99166;0;248;1;0;61871
1;28;9315;2582;99166;0;248;1;0;59917
1;29;9629;2583;99166;0;248;1;0;38406
1;30;9877;2583;99165;0;248;1;0;62369
1;31;10193;2583;99165;0;248;1;0;48662
1;32;10508;2583;99165;0;248;1;0;55193
1;33;10740;2584;99166;0;248;1;0;40241
1;34;10970;2584;99166;0;248;1;0;56866
1;35;11286;2584;99165;0;248;1;0;62696
1;36;11620;2585;99164;0;248;1;0;32826
1;37;11955;2585;99163;0;248;1;0;31606
1;38;12271;2585;99163;0;248;1;0;975
1;39;12496;2585;99163;0;248;1;0;20605
1;40;12810;2586;99163;0;248;1;0;17737
1;41;13147;2586;99162;0;248;1;0;40412
1;42;13376;2586;99162;0;248;1;0;12148
1;43;13691;2586;99161;0;248;1;0;46464
1;44;14138;2586;99160;0;248;1;0;32601
1;45;14363;2586;99161;0;249;1;0;34468
1;46;14678;2586;99160;0;249;1;0;10423
1;47;15114;2586;99160;0;249;1;0;5212
1;48;15344;2586;99159;0;249;1;0;2504
1;49;15659;2586;99158;0;249;1;0;61214
1;50;16099;2587;99157;0;249;1;0;18390
1;51;16329;2587;99157;0;249;1;0;43835
1;52;16643;2587;99156;0;249;1;0;24509
1;53;16869;2587;99156;0;259;1;0;22700
1;54;17189;2587;99156;0;259;1;0;58057
1;55;17420;2587;99156;0;259;1;0;65465
1;56;17754;2587;99155;0;249;1;0;57092
1;57;18174;2588;99155;0;249;2;0;62860
1;58;18513;2588;99155;0;249;2;0;28422
1;59;18739;2588;99155;0;249;2;0;31999
1;60;19159;2588;99154;0;249;2;0;33122
1;61;19489;2588;99154;0;249;2;0;22405
1;62;19720;2588;99154;0;249;2;0;9809
1;63;20140;2588;99154;0;249;2;0;40833
1;64;20369;2588;99153;0;249;3;0;46500
1;65;20704;2588;99153;0;249;3;0;31566
1;66;21128;2588;99153;0;249;3;0;35377
1;67;21354;2589;99153;0;249;3;0;11427
1;68;21668;2589;99153;0;249;3;0;4979
1;69;21901;2589;99153;0;249;3;0;52920
1;70;22127;2589;99153;0;249;3;0;49471
1;71;22442;2589;99152;0;249;3;0;46123
1;72;22761;2589;99152;0;249;3;0;11826
1;73;23112;2589;99151;0;249;3;0;45730
1;74;23427;2589;99150;0;249;3;0;36597
1;75;23742;2589;99148;0;249;3;0;28351
1;76;24093;2590;99146;0;249;3;0;55220
1;77;24412;2590;99144;0;249;3;0;27098
1;78;24742;2590;99143;0;249;3;0;32822
1;79;25083;2590;99144;0;249;3;0;53057
1;80;25398;2590;99143;0;249;3;0;49681
1;81;25624;2591;99143;0;249;3;0;59564
1;82;26044;2591;99141;0;249;3;0;7609
1;83;26277;2591;99140;0;249;3;0;31313
1;84;26502;2591;99139;0;249;3;0;52467
1;85;26816;2592;99137;0;249;3;0;11139
1;86;27136;2592;99136;0;249;3;0;18863
1;87;27383;2592;99135;0;249;3;0;32688
1;88;27698;2592;99133;0;249;3;0;28415
1;89;28031;2592;99132;0;249;3;0;27891
1;90;28257;2592;99132;0;249;3;0;3555
1;91;28487;2592;99131;0;249;3;0;3115
1;92;28802;2593;99131;0;249;3;0;61985
1;93;29138;2593;99130;0;249;3;0;14934
1;94;29472;2593;99129;0;249;3;0;64270
1;95;29787;2593;99129;0;249;3;0;41407
1;96;30017;2593;99129;0;250;3;0;42330
1;97;30332;2593;99128;0;250;3;0;48440
1;98;30562;2593;99127;0;250;3;0;6002
1;99;30998;2593;99125;0;250;3;0;41327
1;100;31320;2593;99123;0;250;3;0;8081
1;101;31655;2593;99122;0;250;3;0;61010
1;102;31986;2593;99120;0;250;3;0;24849
1;103;32301;2593;99119;0;250;3;0;17114
1;104;32631;2593;99118;0;250;3;0;22599
1;105;32968;2593;99117;0;250;3;0;16714
1;106;33288;2594;99115;0;250;3;0;50558
1;107;33513;2594;99114;0;250;3;0;26564
1;108;33953;2594;99112;0;250;3;0;49863
1;109;34272;2594;99111;0;250;3;0;22313
1;110;34502;2594;99110;0;250;3;0;19299
1;111;34941;2594;99108;0;250;3;0;32972
1;112;35272;2594;99105;0;250;3;0;47867
1;113;35590;2594;99104;0;250;3;0;37268
1;114;35906;2594;99103;0;250;3;0;50419
1;115;36152;2594;99103;0;250;3;0;19995
1;116;36467;2594;99103;0;250;3;0;21115
1;117;36890;2594;99103;0;250;3;0;44452
1;118;37137;2594;99102;0;250;3;0;6655
1;119;37452;2594;99102;0;250;3;0;40402
1;120;37893;2594;99102;0;250;3;0;6334
1;121;38227;2595;99103;0;250;3;0;63462
1;122;38542;2594;99102;0;250;3;0;45814
1;123;38877;2595;99103;0;290;3;0;19903
1;124;39192;2595;99103;0;290;3;0;32248
1;125;39422;2595;99102;0;290;3;0;44524
1;126;39648;2595;99102;0;250;3;0;36743
1;127;39969;2595;99101;0;250;3;0;28983
1;128;40283;2595;99099;0;250;3;0;32079
1;129;40529;2595;99098;0;250;3;0;13696
1;130;40845;2595;99097;0;250;3;0;50635
1;131;41164;2595;99096;0;250;3;0;46975
1;132;41390;2595;99095;0;250;3;0;52149
1;133;41620;2595;99094;0;250;3;0;41337
1;134;41940;2595;99092;0;250;3;0;41962
1;135;42271;2595;99091;0;250;3;0;43721
1;136;42609;2595;99089;0;250;3;0;59724
1;137;42924;2595;99088;0;250;3;0;1353
1;138;43150;2596;99088;0;250;3;0;55709
1;139;43464;2596;99087;0;250;3;0;27616
1;140;43800;2596;99087;0;250;3;0;34715
1;141;44030;2596;99087;0;250;3;0;36806
1;142;44349;2596;99087;0;250;3;0;33879
1;143;44788;2596;99087;0;250;3;0;44539
1;144;45015;2596;99086;0;250;3;0;19150
1;145;45329;2596;99086;0;250;3;0;36005
1;146;45769;2596;99083;0;250;3;0;36603
1;147;46000;2596;99081;0;250;3;0;38278
1;148;46318;2596;99079;0;250;3;0;5925
1;149;46757;2596;99076;0;250;3;0;16283
1;150;46990;2596;99075;0;250;3;0;17974
1;151;47304;2596;99073;0;250;3;0;23496
1;152;47534;2596;99072;0;250;3;0;42958
1;153;47849;2596;99071;0;250;3;0;19832
1;154;48080;2596;99069;0;250;3;0;33310
1;155;48413;2596;99068;0;250;3;0;6277
1;156;48729;2596;99067;0;250;3;0;55526
1;157;49044;2596;99067;0;250;3;0;62123
1;158;49290;2596;99066;0;250;3;0;13203
1;159;49710;2596;99065;0;250;3;0;23197
1;160;50025;2596;99065;0;250;3;0;725
1;161;50271;2597;99065;0;250;3;0;45433
1;162;50698;2597;99064;0;250;3;0;28214
1;163;51033;2597;99064;0;250;3;0;20270
1;164;51368;2597;99063;0;250;3;0;15861
1;165;51683;2597;99063;0;250;3;0;34300
1;166;51909;2597;99063;0;250;3;0;16895
1;167;52224;2597;99063;0;250;3;0;33853
1;168;52455;2597;99063;0;250;3;0;59580
1;169;52789;2597;99064;0;250;3;0;18992
1;170;53104;2597;99063;0;250;3;0;12361
1;171;53419;2597;99063;0;250;3;0;38013
1;172;53665;2597;99064;0;250;3;0;11169
1;173;53979;2597;99063;0;250;3;0;27155
1;174;54298;2597;99064;0;250;3;0;52085
1;175;54654;2597;99064;0;250;3;0;47808
1;176;54973;2597;99064;0;250;3;0;29147
1;177;55287;2597;99064;0;250;3;0;55600
1;178;55622;2597;99063;0;250;3;0;13268
1;179;55853;2597;99063;0;250;3;0;63414
1;180;56168;2598;99063;0;250;3;0;33094
1;181;56394;2598;99063;0;250;3;0;10752
1;182;56713;2598;99062;0;250;3;0;37191
1;183;56944;2598;99063;0;250;3;0;17057
1;184;57169;2598;99063;0;250;3;0;27716
1;185;57592;2598;99063;0;250;3;0;62887
1;186;57927;2598;99063;0;250;3;0;57467
1;187;58153;2598;99063;0;250;3;0;14106
1;188;58577;2598;99062;0;250;3;0;37068
1;189;58907;2598;99063;0;250;3;0;63531
1;190;59143;2598;99063;0;250;3;0;63638
1;191;59563;2598;99063;0;250;3;0;22273
1;192;59788;2598;99063;0;250;3;0;35387
1;193;60124;2598;99063;0;250;3;0;55916
1;194;60544;2598;99063;0;250;3;0;51786
1;195;60773;2598;99062;0;250;3;0;33628
1;196;61088;2598;99062;0;250;3;0;35432
1;197;61321;2598;99061;0;250;3;0;12121
1;198;61547;2598;99062;0;250;3;0;60025
1;199;61862;2598;99062;0;250;3;0;49204
1;200;62177;2599;99062;0;250;3;0;52625
1;201;62531;2598;99064;0;250;3;0;10466
1;202;62846;2599;99064;0;250;3;0;16860
1;203;63162;2599;99064;0;250;3;0;48138
1;204;63515;2599;99063;0;250;3;0;240
1;205;63830;2599;99063;0;250;3;0;55989
1;206;64160;2599;99062;0;250;3;0;20722
1;207;64502;2598;99060;0;250;3;0;51024
1;208;64817;2598;99058;0;250;3;0;38593
1;209;65043;2598;99057;0;250;3;0;50607
1;210;65467;2598;99056;0;250;3;0;36056
1;211;65697;2598;99057;0;250;3;0;1274
1;212;65922;2598;99057;0;250;3;0;39909
1;213;66237;2598;99057;0;250;3;0;31242
1;214;66552;2598;99056;0;250;3;0;21257
1;215;66800;2598;99055;0;250;3;0;48279
1;216;67116;2598;99055;0;250;3;0;1098
1;217;67431;2598;99055;0;250;3;0;48195
1;218;67665;2598;99056;0;250;3;0;10520
1;219;67895;2598;99056;0;250;3;0;31081
1;220;68210;2598;99056;0;250;3;0;32853
1;221;68541;2598;99057;0;250;3;0;21397
1;222;68877;2598;99057;0;250;3;0;13093
1;223;69192;2598;99058;0;250;3;0;22243
1;224;69418;2598;99058;0;250;3;0;25027
1;225;69736;2598;99058;0;250;3;0;48140
1;226;69966;2598;99058;0;250;3;0;14438
1;227;70402;2598;99058;0;250;3;0;6796
1;228;70720;2597;99058;0;250;3;0;56937
1;229;71059;2597;99057;0;250;3;0;30595
1;230;71390;2597;99056;0;250;3;0;39417
1;231;71705;2597;99054;0;250;3;0;27197
1;232;72039;2597;99053;0;250;3;0;44953
1;233;72374;2597;99053;0;250;3;0;7972
1;234;72689;2597;99052;0;250;3;0;6115
1;235;72915;2597;99053;0;250;3;0;25836
1;236;73359;2597;99052;0;250;3;0;25678
1;237;73674;2597;99052;0;250;3;0;14619
1;238;73900;2597;99052;0;250;3;0;29013
1;239;74347;2597;99053;0;250;3;0;52680
1;240;74678;2598;99054;0;250;3;0;2744
1;241;74996;2598;99054;0;250;3;0;58872
1;242;75312;2598;99053;0;250;3;0;25839
1;243;75558;2598;99053;0;250;3;0;28313
1;244;75873;2598;99053;0;250;3;0;10038
1;245;76297;2598;99054;0;250;3;0;684
1;246;76544;2597;99054;0;250;3;0;32991
1;247;76859;2597;99054;0;250;3;0;41578
1;248;77295;2597;99054;0;250;3;0;30186
1;249;77633;2598;99054;0;250;3;0;3439
1;250;77948;2598;99054;0;250;3;0;54022
1;251;78279;2598;99053;0;250;3;0;47610
1;252;78597;2598;99054;0;250;3;0;4798
1;253;78828;2598;99054;0;250;3;0;61277
1;254;79057;2598;99054;0;250;3;0;955
1;255;79373;2598;99055;0;250;3;0;5905
1;256;79687;2598;99055;0;250;3;0;14511
1;257;79933;2598;99055;0;250;3;0;25465
1;258;80249;2598;99055;0;250;3;0;33489
1;259;80567;2598;99055;0;250;3;0;55763
1;260;80797;2598;99055;0;250;3;0;53566
1;261;81027;2598;99054;0;250;3;0;17578
1;262;81343;2598;99054;0;250;3;0;30741
1;263;81673;2598;99055;0;250;3;0;36461
1;264;82008;2598;99054;0;250;3;0;6862
1;265;82324;2598;99054;0;250;3;0;8289
1;266;82553;2598;99054;0;250;3;0;55896
1;267;82867;2598;99053;0;250;3;0;64065
1;268;83210;2597;99053;0;250;3;0;35513
1;269;83436;2597;99053;0;250;3;0;33508
1;270;83755;2598;99053;0;250;3;0;34186
1;271;84197;2598;99052;0;250;3;0;38806
1;272;84422;2598;99052;0;250;3;0;43242
1;273;84740;2598;99052;0;250;3;0;40788
1;274;85177;2598;99052;0;250;3;0;33722
1;275;85407;2598;99053;0;250;3;0;29574
1;276;85721;2598;99053;0;250;3;0;48028
1;277;86158;2598;99052;0;250;3;0;23381
1;278;86388;2598;99052;0;250;3;0;36266
1;279;86702;2598;99052;0;250;3;0;35617
1;280;86932;2598;99051;0;250;3;0;9294
1;281;87255;2598;99051;0;250;3;0;56300
1;282;87485;2598;99051;0;250;3;0;58138
1;283;87815;2598;99050;0;250;3;0;53754
1;284;88131;2598;99050;0;250;3;0;43379
1;285;88446;2598;99050;0;250;3;0;10545
1;286;88692;2598;99051;0;250;3;0;52705
1;287;89116;2598;99053;0;250;3;0;57767
1;288;89431;2598;99052;0;250;3;0;42302
1;289;89676;2598;99053;0;250;3;0;58130
1;290;90097;2598;99053;0;250;3;0;16199
1;291;90427;2598;99052;0;250;3;0;41961
1;292;90767;2598;99052;0;250;3;0;57400
1;293;91083;2598;99053;0;250;3;0;30150
1;294;91317;2598;99053;0;250;3;0;53250
1;295;91632;2598;99053;0;250;3;0;36183
1;296;91862;2598;99053;0;250;3;0;37237
1;297;92198;2598;99052;0;250;3;0;60434
1;298;92512;2597;99052;0;250;3;0;58331
1;299;92827;2597;99052;0;250;3;0;51632
1;300;93074;2597;99051;0;250;3;0;58820
1;301;93392;2597;99051;0;250;3;0;2692
1;302;93706;2597;99051;0;250;3;0;2100
1;303;94061;2597;99052;0;250;3;0;24858
1;304;94376;2597;99053;0;250;3;0;41561
1;305;94691;2597;99053;0;250;3;0;6736
1;306;95022;2597;99053;0;250;3;0;29775
1;307;95255;2597;99053;0;250;3;0;30526
1;308;95574;2597;99053;0;250;3;0;36323
1;309;95799;2596;99052;0;250;3;0;29311
1;310;96116;2596;99052;0;250;3;0;57721
1;311;96346;2596;99052;0;250;3;0;40738
1;312;96571;2596;99053;0;250;3;0;4490
1;313;96991;2596;99053;0;250;3;0;53342
1;314;97329;2596;99052;0;250;3;0;60414
1;315;97559;2596;99053;0;250;3;0;7106
1;316;97979;2596;99053;0;250;3;0;49410
1;317;98309;2596;99053;0;250;3;0;6195
1;318;98545;2596;99053;0;250;3;0;33716
1;319;98966;2596;99053;0;250;3;0;11114
1;320;99195;2596;99053;0;250;3;0;55432
1;321;99530;2596;99053;0;250;3;0;44257
1;322;99954;2595;99052;0;250;3;0;55762
1;323;100180;2595;99052;0;251;3;0;23542
1;324;100498;2595;99051;0;251;3;0;56078
1;325;100728;2595;99051;0;251;3;0;49135
1;326;100958;2595;99052;0;250;3;0;63488
1;327;101273;2595;99051;0;250;3;0;23844
1;328;101588;2595;99052;0;250;3;0;6745
1;329;101943;2595;99053;0;250;3;0;55630
1;330;102258;2595;99054;0;250;3;0;20734
1;331;102573;2595;99055;0;250;3;0;28427
1;332;102924;2595;99057;0;250;3;0;53202
1;333;103243;2596;99059;0;250;3;0;55800
1;334;103576;2596;99060;0;250;3;0;19953
1;335;103912;2596;99063;0;250;3;0;6455
1;336;104231;2596;99064;0;250;3;0;13731
1;337;104457;2596;99065;0;250;3;0;37809
1;338;104876;2596;99067;0;250;3;0;30278
1;339;105107;2596;99067;0;250;3;0;38825
1;340;105332;2596;99068;0;250;3;0;60047
1;341;105647;2596;99068;0;250;3;0;31796
1;342;105962;2596;99069;0;250;3;0;21815
1;343;106213;2596;99069;0;250;3;0;38619
1;344;106528;2596;99069;0;250;3;0;21436
1;345;106848;2596;99069;0;250;3;0;23939
1;346;107078;2596;99069;0;250;3;0;39296
1;347;107308;2596;99069;0;250;3;0;3433
1;348;107623;2596;99070;0;250;3;0;59681
1;349;107954;2596;99070;0;250;3;0;23165
1;350;108293;2596;99072;0;250;3;0;50870
1;351;108608;2596;99074;0;250;3;0;60014
1;352;108833;2596;99074;0;250;3;0;60520
1;353;109148;2596;99076;0;250;3;0;42419
1;354;109379;2596;99076;0;250;3;0;37928
1;355;109818;2596;99078;0;250;3;0;51170
1;356;110137;2596;99079;0;250;3;0;56567
1;357;110475;2596;99081;0;250;3;0;2681
1;358;110806;2596;99081;0;251;3;0;14919
1;359;111125;2596;99082;0;251;3;0;26081
1;360;111455;2596;99084;0;250;3;0;58001
1;361;111791;2596;99084;0;250;3;0;65054
1;362;112106;2597;99085;0;250;3;0;37502
1;363;112332;2597;99085;0;250;3;0;64098
1;364;112775;2597;99084;0;250;3;0;1848
1;365;113095;2597;99084;0;250;3;0;2311
1;366;113321;2597;99085;0;251;3;0;16392
1;367;113762;2597;99084;0;251;3;0;47327
1;368;114093;2597;99084;0;250;3;0;23908
1;369;114407;2597;99083;0;250;3;0;40027
1;370;114726;2597;99084;0;250;3;0;26368
1;371;114972;2597;99086;0;250;3;0;13663
1;372;115292;2597;99087;0;250;3;0;18240
1;373;115711;2597;99089;0;250;3;0;51728
1;374;115957;2597;99091;0;251;3;0;31929
1;375;116276;2597;99092;0;251;3;0;21404
1;376;116711;2597;99093;0;251;3;0;12027
1;377;117050;2597;99094;0;251;3;0;6999
1;378;117365;2597;99096;0;251;3;0;24538
1;379;117696;2597;99097;0;251;3;0;28873
1;380;118011;2597;99098;0;251;3;0;52870
1;381;118241;2597;99098;0;251;3;0;104
1;382;118467;2597;99098;0;251;3;0;34787
1;383;118786;2596;99098;0;251;3;0;30277
1;384;119101;2596;99098;0;251;3;0;41127
1;385;119351;2596;99098;0;251;3;0;12321
1;386;119670;2596;99098;0;251;3;0;33507
1;387;119986;2596;99098;0;251;3;0;65511
1;388;120212;2596;99098;0;250;3;0;39363
1;389;120444;2597;99099;0;250;3;0;421
1;390;120759;2597;99100;0;250;3;0;52230
1;391;121094;2597;99102;0;251;3;0;2860
1;392;121430;2596;99104;0;251;3;0;50715
1;393;121746;2596;99105;0;251;3;0;41965
1;394;121971;2596;99107;0;250;3;0;6012
1;395;122286;2596;99108;0;250;3;0;2701
1;396;122621;2597;99111;0;250;3;0;45669
1;397;122854;2597;99113;0;250;3;0;16147
1;398;123170;2597;99115;0;250;3;0;37380
1;399;123614;2597;99117;0;250;3;0;15157
1;400;123839;2597;99118;0;250;3;0;9587
1;401;124154;2597;99119;0;250;3;0;24788
1;402;124590;2596;99119;0;250;3;0;12883
1;403;124820;2596;99119;0;250;3;0;49343
1;404;125135;2596;99118;0;250;3;0;35776
1;405;125575;2596;99117;0;250;3;0;37464
1;406;125805;2597;99118;0;250;3;0;26431
1;407;126124;2597;99118;0;250;3;0;18769
1;408;126350;2597;99118;0;250;3;0;22162
1;409;126665;2597;99118;0;250;3;0;27242
1;410;126899;2597;99118;0;250;3;0;19613
1;411;127229;2597;99120;0;250;3;0;21389
1;412;127551;2596;99122;0;250;3;0;26083
1;413;127866;2596;99124;0;250;3;0;51522
1;414;128114;2596;99125;0;250;3;0;35972
1;415;128533;2596;99125;0;250;3;0;9306
1;416;128848;2596;99126;0;250;3;0;9516
1;417;129097;2596;99127;0;250;3;0;54163
1;418;129516;2595;99128;0;250;3;0;55276
1;419;129851;2595;99129;0;255;3;0;22055
1;420;130185;2594;99129;0;255;3;0;45579
1;421;130501;2594;99129;0;255;3;0;30892
1;422;130727;2594;99129;0;250;3;0;42100
1;423;131046;2593;99129;0;250;3;0;29964
1;424;131276;2593;99129;0;250;3;0;16003
1;425;131607;2593;99129;0;250;3;0;32974
1;426;131925;2593;99129;0;250;3;0;810
1;427;132244;2593;99129;0;250;3;0;11588
1;428;132490;2593;99129;0;250;3;0;17442
1;429;132804;2592;99129;0;250;3;0;43595
1;430;133119;2592;99128;0;250;3;0;15379
1;431;133470;2591;99127;0;250;3;0;40551
1;432;133785;2591;99127;0;250;3;0;5876
1;433;134104;2590;99127;0;250;3;0;19786
1;434;134435;2590;99127;0;250;3;0;58312
1;435;134665;2590;99126;0;250;3;0;38661
1;436;134984;2590;99126;0;250;3;0;28120
1;437;135213;2590;99126;0;250;3;0;65211
1;438;135529;2589;99126;0;250;3;0;53430
1;439;135761;2589;99125;0;250;3;0;15117
1;440;135986;2589;99123;0;250;3;0;48604
1;441;136414;2588;99123;0;250;3;0;16041
1;442;136748;2588;99122;0;250;3;0;24386
1;443;136974;2588;99122;0;250;3;0;13503
1;444;137395;2587;99122;0;250;3;0;48067
1;445;137724;2587;99122;0;250;3;0;16450
1;446;137955;2587;99122;0;250;3;0;12720
1;447;138382;2586;99124;0;250;3;0;3071
1;448;138611;2586;99124;0;250;3;0;58908
1;449;138960;2586;99123;0;250;3;0;1247
1;450;139380;2586;99123;0;250;3;0;19837
1;451;139606;2586;99123;0;250;3;0;9856
1;452;139921;2586;99124;0;250;3;0;10189
1;453;140151;2585;99124;0;250;3;0;18449
1;454;140381;2585;99125;0;250;3;0;4113
1;455;140696;2585;99125;0;250;3;0;48460
1;456;141010;2585;99125;0;250;3;0;8688
1;457;141361;2585;99125;0;250;3;0;44025
1;458;141676;2585;99125;0;250;3;0;50082
1;459;141995;2585;99125;0;250;3;0;3922
1;460;142348;2585;99126;0;250;3;0;13224
1;461;142666;2585;99126;0;250;3;0;24539
1;462;143000;2585;99125;0;250;3;0;2725
1;463;143336;2585;99124;0;250;3;0;65232
1;464;143651;2585;99125;0;250;3;0;28907
1;465;143877;2585;99125;0;890;3;0;41467
1;466;144297;2584;99125;0;890;3;0;13870
1;467;144527;2584;99125;0;890;3;0;57056
1;468;144752;2584;99125;0;250;3;0;43622
1;469;145075;2584;99125;0;250;3;0;9502
1;470;145394;2584;99125;0;250;3;0;38876
1;471;145639;2583;99125;0;250;3;0;48352
1;472;145955;2583;99125;0;250;3;0;40236
1;473;146271;2583;99124;0;250;3;0;44481
1;474;146496;2583;99124;0;250;3;0;23777
1;475;146733;2583;99124;0;250;3;0;47782
1;476;147048;2583;99124;0;250;3;0;17306
1;477;147379;2583;99123;0;250;3;0;15399
1;478;147714;2583;99124;0;250;3;0;40315
1;479;148033;2583;99124;0;250;3;0;57867
1;480;148259;2583;99125;0;250;3;0;3426
1;481;148573;2583;99126;0;250;3;0;31811
1;482;148814;2583;99127;0;250;3;0;20745
1;483;149254;2584;99128;0;250;3;0;31242
1;484;149568;2584;99128;0;250;3;0;9031
1;485;149904;2584;99127;0;250;3;0;18498
1;486;150236;2584;99127;0;250;3;0;28307
1;487;150554;2583;99126;0;250;3;0;33644
1;488;150884;2583;99127;0;2810;3;0;36560
1;489;151225;2583;99127;0;2810;3;0;64245
1;490;151544;2583;99127;0;2810;3;0;18487
1;491;151769;2583;99127;0;250;3;0;34931
1;492;152210;2583;99127;0;250;3;0;15415
1;493;152525;2583;99126;0;250;3;0;510
1;494;152750;2582;99125;0;250;3;0;21464
1;495;153191;2582;99123;0;250;3;0;9124
1;496;153525;2582;99122;0;250;3;0;32380
1;497;153839;2581;99120;0;250;3;0;30398
1;498;154159;2581;99119;0;250;3;0;4821
1;499;154409;2581;99119;0;250;3;0;1698
1;500;154728;2580;99120;0;250;3;0;42921
1;501;155148;2580;99120;0;250;3;0;15953
1;502;155393;2580;99120;0;249;3;0;57053
1;503;155712;2579;99119;0;249;3;0;24614
1;504;156148;2579;99118;0;249;3;0;11241
1;505;156482;2578;99117;0;249;3;0;14401
1;506;156797;2578;99117;0;249;3;0;62819
1;507;157129;2577;99115;0;249;3;0;11402
1;508;157443;2577;99115;0;249;3;0;30756
1;509;157680;2577;99114;0;249;3;0;58715
1;510;157906;2577;99115;0;249;3;0;11214
1;511;158222;2577;99115;0;249;3;0;59181
1;512;158536;2577;99116;0;249;3;0;54773
1;513;158784;2576;99115;0;249;3;0;35003
1;514;159100;2576;99115;0;249;3;0;46084
1;515;159415;2575;99115;0;249;3;0;27530
1;516;159641;2575;99115;0;248;3;0;35518
1;517;159873;2575;99115;0;248;3;0;38816
1;518;160190;2574;99114;0;248;3;0;1811
1;519;160520;2574;99114;0;248;3;0;10530
1;520;160854;2573;99113;0;248;3;0;57242
1;521;161174;2572;99113;0;248;3;0;25806
1;522;161399;2572;99114;0;248;3;0;8853
1;523;161713;2572;99113;0;248;3;0;50708
1;524;162052;2571;99114;0;248;3;0;7846
1;525;162278;2571;99114;0;248;3;0;21875
1;526;162596;2571;99115;0;248;3;0;5787
1;527;163039;2571;99115;0;248;3;0;48162
1;528;163265;2570;99114;0;248;3;0;59405
1;529;163579;2570;99114;0;248;3;0;23176
1;530;164019;2570;99113;0;248;3;0;40735
1;531;164255;2569;99113;0;248;3;0;56859
1;532;164569;2569;99113;0;248;3;0;5633
1;533;165005;2568;99114;0;248;3;0;4273
1;534;165236;2568;99114;0;248;3;0;63336
1;535;165550;2568;99114;0;248;3;0;61923
1;536;165776;2567;99114;0;248;3;0;62955
1;537;166096;2567;99114;0;248;3;0;10986
1;538;166326;2567;99114;0;248;3;0;54916
1;539;166659;2567;99114;0;248;3;0;51603
1;540;166975;2567;99114;0;248;3;0;32136
1;541;167290;2567;99115;0;248;3;0;63636
1;542;167540;2566;99114;0;248;3;0;6831
1;543;167960;2567;99115;0;248;3;0;11056
1;544;168275;2567;99115;0;248;3;0;47072
1;545;168525;2566;99115;0;248;3;0;16268
1;546;168944;2566;99115;0;248;3;0;58329
1;547;169275;2566;99115;0;248;3;0;49991
1;548;169610;2566;99114;0;248;3;0;2997
1;549;169925;2566;99114;0;248;3;0;61492
1;550;170152;2566;99113;0;248;3;0;5032
1;551;170470;2566;99114;0;248;3;0;32817
1;552;170707;2566;99113;0;248;3;0;52174
1;553;171038;2566;99113;0;248;3;0;35100
1;554;171353;2565;99113;0;248;3;0;38455
1;555;171668;2565;99112;0;248;3;0;9306
1;556;171919;2564;99112;0;248;3;0;23349
1;557;172234;2564;99111;0;248;3;0;14707
1;558;172548;2564;99111;0;248;3;0;26186
1;559;172903;2563;99112;0;248;3;0;9322
1;560;173218;2563;99113;0;248;3;0;54694
1;561;173533;2563;99113;0;248;3;0;3108
1;562;173864;2563;99114;0;248;3;0;49106
1;563;174098;2562;99113;0;248;3;0;41369
1;564;174413;2562;99114;0;248;3;0;55523
1;565;174643;2562;99115;0;248;3;0;35235
1;566;174962;2562;99116;0;248;3;0;4828
1;567;175193;2562;99116;0;248;3;0;11880
1;568;175418;2562;99116;0;248;3;0;22861
1;569;175837;2561;99115;0;248;3;0;20391
1;570;176173;2561;99115;0;248;3;0;26012
1;571;176398;2561;99114;0;248;3;0;50890
1;572;176822;2561;99114;0;248;3;0;16771
1;573;177157;2561;99114;0;248;3;0;48138
1;574;177387;2561;99114;0;248;3;0;40792
1;575;177807;2561;99114;0;248;3;0;1696
1;576;178033;2561;99113;0;248;3;0;41631
1;577;178372;2561;99113;0;248;3;0;34043
1;578;178792;2561;99114;0;248;3;0;50938
1;579;179022;2561;99114;0;248;3;0;61071
1;580;179337;2561;99114;0;248;3;0;18093
1;581;179568;2561;99114;0;248;3;0;3435
1;582;179794;2561;99114;0;248;3;0;35552
1;583;180110;2561;99114;0;248;3;0;44622
1;584;180424;2561;99113;0;248;3;0;63217
1;585;180785;2561;99112;0;247;3;0;59594
1;586;181100;2561;99113;0;247;3;0;22744
1;587;181419;2561;99112;0;247;3;0;52403
1;588;181769;2561;99112;0;248;3;0;16114
1;589;182085;2561;99112;0;248;3;0;62549
1;590;182419;2561;99112;0;247;3;0;28407
1;591;182754;2560;99113;0;247;3;0;52995
1;592;183070;2560;99113;0;247;3;0;31617
1;593;183299;2560;99113;0;247;3;0;1914
1;594;183719;2560;99112;0;247;3;0;35477
1;595;183953;2560;99112;0;247;3;0;64648
1;596;184179;2561;99112;0;247;3;0;48666
1;597;184493;2561;99113;0;247;3;0;37133
1;598;184808;2561;99114;0;247;3;0;6333
1;599;185054;2561;99115;0;247;3;0;46825
1;600;185370;2561;99114;0;247;3;0;53182
1;601;185689;2561;99115;0;247;3;0;10478
1;602;185915;2561;99115;0;247;3;0;55137
1;603;186150;2561;99116;0;247;3;0;17052
1;604;186465;2561;99116;0;247;3;0;2867
1;605;186799;2561;99116;0;247;3;0;4184
1;606;187134;2561;99117;0;247;3;0;9403
1;607;187449;2561;99117;0;247;3;0;49341
1;608;187679;2561;99118;0;247;3;0;46315
1;609;187993;2561;99118;0;247;3;0;39153
1;610;188224;2561;99118;0;247;3;0;52006
1;611;188660;2561;99119;0;247;3;0;16631
1;612;188974;2561;99120;0;247;3;0;54358
1;613;189309;2561;99121;0;247;3;0;11527
1;614;189644;2561;99120;0;247;3;0;11576
1;615;189963;2561;99119;0;247;3;0;38882
1;616;190300;2561;99118;0;247;3;0;22789
1;617;190636;2560;99117;0;247;3;0;27030
1;618;190951;2560;99117;0;247;3;0;32128
1;619;191177;2560;99116;0;247;3;0;19141
1;620;191617;2560;99116;0;247;3;0;20341
1;621;191936;2560;99116;0;247;3;0;20904
1;622;192162;2560;99116;0;247;3;0;44583
1;623;192601;2560;99116;0;247;3;0;40501
1;624;192932;2560;99116;0;246;3;0;30793
1;625;193247;2560;99115;0;246;3;0;35735
1;626;193566;2560;99115;0;246;3;0;41410
1;627;193813;2560;99115;0;246;3;0;25039
1;628;194133;2560;99116;0;246;3;0;57892
1;629;194556;2559;99116;0;246;3;0;57222
1;630;194802;2559;99116;0;246;3;0;12736
1;631;195117;2559;99116;0;246;3;0;52229
1;632;195552;2559;99116;0;246;3;0;37494
1;633;195887;2559;99116;0;246;3;0;61792
1;634;196202;2559;99116;0;246;3;0;16451
1;635;196537;2559;99117;0;246;3;0;18714
1;636;196855;2559;99118;0;246;3;0;40966
1;637;197086;2559;99118;0;246;3;0;32205
1;638;197311;2559;99117;0;246;3;0;52126
1;639;197627;2559;99117;0;246;3;0;34345
1;640;197941;2558;99116;0;246;3;0;8083
1;641;198187;2558;99117;0;246;3;0;2773
1;642;198514;2559;99117;0;246;3;0;25701
1;643;198829;2558;99116;0;246;3;0;15865
1;644;199055;2558;99116;0;247;3;0;6229
1;645;199286;2558;99116;0;247;3;0;5114
1;646;199605;2558;99115;0;247;3;0;22857
1;647;199936;2558;99115;0;246;3;0;27869
1;648;200271;2558;99114;0;246;3;0;31554
1;649;200590;2558;99114;0;246;3;0;38295
1;650;200815;2558;99114;0;246;3;0;6507
1;651;201131;2558;99114;0;246;3;0;42196
1;652;201468;2558;99114;0;246;3;0;25133
1;653;201693;2558;99114;0;246;3;0;14582
1;654;202009;2558;99115;0;246;3;0;39296
1;655;202453;2558;99115;0;246;3;0;58182
1;656;202682;2558;99115;0;246;3;0;24742
1;657;203001;2558;99114;0;246;3;0;22216
1;658;203437;2558;99113;0;246;3;0;14806
1;659;203667;2558;99114;0;246;3;0;61512
1;660;203982;2558;99114;0;246;3;0;4279
1;661;204418;2557;99114;0;246;3;0;65016
1;662;204648;2557;99114;0;246;3;0;13574
1;663;204967;2557;99114;0;246;3;0;35503
1;664;205193;2557;99113;0;246;3;0;10510
1;665;205509;2557;99114;0;246;3;0;56122
1;666;205738;2557;99114;0;246;3;0;45222
1;667;206072;2557;99114;0;246;3;0;16871
1;668;206392;2556;99114;0;246;3;0;63230
1;669;206707;2557;99114;0;246;3;0;2964
1;670;206956;2557;99113;0;246;3;0;37835
1;671;207377;2557;99113;0;246;3;0;33728
1;672;207692;2557;99113;0;246;3;0;25437
1;673;207937;2557;99113;0;246;3;0;423
1;674;208362;2557;99113;0;246;3;0;41407
1;675;208693;2558;99113;0;246;3;0;37855
1;676;209028;2558;99114;0;246;3;0;18883
1;677;209348;2558;99114;0;246;3;0;18428
1;678;209581;2558;99113;0;246;3;0;30399
1;679;209896;2558;99113;0;246;3;0;11242
1;680;210140;2558;99113;0;246;3;0;35039
1;681;210472;2558;99113;0;246;3;0;65326
1;682;210786;2558;99113;0;246;3;0;64474
1;683;211101;2558;99112;0;246;3;0;56103
1;684;211352;2558;99112;0;266;3;0;55487
1;685;211667;2558;99113;0;266;3;0;63638
1;686;211981;2558;99114;0;266;3;0;16774
1;687;212332;2558;99113;0;886;3;0;24678
1;688;212652;2558;99113;0;886;3;0;39515
1;689;212966;2559;99114;0;886;3;0;3881
1;690;213298;2559;99114;0;256;3;0;44495
1;691;213531;2559;99114;0;256;3;0;12397
1;692;213846;2559;99114;0;256;3;0;3624
1;693;214075;2559;99114;0;5366;3;0;32229
1;694;214392;2559;99114;0;5366;3;0;61155
1;695;214622;2559;99114;0;5366;3;0;34559
1;696;214848;2559;99115;0;246;3;0;30392
1;697;215268;2559;99115;0;246;3;0;24127
1;698;215608;2559;99114;0;246;3;0;59018
1;699;215837;2559;99115;0;246;3;0;10128
1;700;216258;2559;99114;0;246;3;0;52970
1;701;216589;2559;99114;0;246;3;0;11566
1;702;216819;2559;99113;0;246;3;0;26759
1;703;217240;2560;99113;0;246;3;0;42749
1;704;217466;2560;99113;0;246;3;0;41121
1;705;217804;2560;99113;0;246;3;0;9908
1;706;218229;2560;99113;0;246;3;0;53750
1;707;218455;2560;99113;0;256;3;0;15980
1;708;218770;2560;99113;0;256;3;0;14168
1;709;219004;2560;99114;0;256;3;0;26827
1;710;219230;2560;99114;0;246;3;0;64112
1;711;219545;2561;99114;0;246;3;0;13194
1;712;219864;2561;99114;0;246;3;0;6400
1;713;220219;2561;99115;0;246;3;0;23237
1;714;220534;2561;99115;0;246;3;0;11423
1;715;220849;2561;99115;0;246;3;0;57455
1;716;221200;2561;99115;0;246;3;0;45752
1;717;221516;2562;99115;0;246;3;0;43451
1;718;221846;2562;99115;0;246;3;0;815
1;719;222189;2562;99115;0;246;3;0;39205
1;720;222508;2562;99116;0;246;3;0;29361
1;721;222734;2562;99116;0;246;3;0;22821
1;722;223154;2562;99116;0;246;3;0;38290
1;723;223386;2562;99116;0;246;3;0;35205
1;724;223611;2562;99116;0;246;3;0;48978
1;725;223926;2562;99116;0;246;3;0;54646
1;726;224245;2562;99117;0;246;3;0;40505
1;727;224491;2563;99117;0;246;3;0;38535
1;728;224807;2563;99118;0;246;3;0;18593
1;729;225122;2563;99118;0;246;3;0;5620
1;730;225348;2563;99118;0;246;3;0;25514
1;731;225583;2563;99118;0;246;3;0;59297
1;732;225902;2563;99118;0;246;3;0;23829
1;733;226236;2563;99118;0;246;3;0;40167
1;734;226572;2563;99119;0;246;3;0;9246
1;735;226887;2563;99119;0;246;3;0;56446
1;736;227112;2564;99119;0;246;3;0;62764
1;737;227427;2563;99118;0;246;3;0;36442
1;738;227658;2563;99118;0;246;3;0;65422
1;739;228094;2564;99118;0;246;3;0;37463
1;740;228413;2564;99118;0;246;3;0;53721
1;741;228747;2564;99118;0;246;3;0;6053
1;742;229082;2564;99118;0;246;3;0;64271
1;743;229398;2564;99118;0;246;3;0;23037
1;744;229732;2564;99118;0;247;3;0;35434
1;745;230067;2564;99118;0;247;3;0;22683
1;746;230383;2564;99119;0;247;3;0;63595
1;747;230615;2564;99119;0;247;3;0;60408
1;748;231054;2564;99119;0;247;3;0;24697
1;749;231370;2564;99120;0;247;3;0;62400
1;750;231596;2564;99120;0;246;3;0;29889
1;751;232038;2564;99119;0;246;3;0;6753
1;752;232373;2564;99119;0;247;3;0;9539
1;753;232692;2564;99119;0;247;3;0;64293
1;754;233007;2564;99119;0;247;3;0;59767
1;755;233253;2564;99119;0;246;3;0;37833
1;756;233569;2564;99118;0;246;3;0;4099
1;757;233993;2564;99117;0;246;3;0;13721
1;758;234239;2564;99117;0;246;3;0;36826
1;759;234554;2564;99118;0;246;3;0;13026
1;760;234993;2564;99118;0;246;3;0;3805
1;761;235332;2564;99118;0;246;3;0;4554
1;762;235648;2564;99118;0;246;3;0;53588
1;763;235978;2564;99119;0;246;3;0;41462
1;764;236293;2564;99119;0;246;3;0;42546
1;765;236524;2564;99119;0;246;3;0;23505
1;766;236750;2564;99119;0;246;3;0;23688
1;767;237069;2564;99119;0;246;3;0;31700
1;768;237384;2564;99118;0;246;3;0;31133
1;769;237632;2564;99118;0;246;3;0;15510
1;770;237951;2564;99118;0;246;3;0;12559
1;771;238266;2564;99118;0;246;3;0;56379
1;772;238496;2564;99119;0;246;3;0;11932
1;773;238727;2564;99118;0;246;3;0;3833
1;774;239046;2563;99118;0;246;3;0;30259
1;775;239377;2563;99118;0;247;3;0;42679
1;776;239712;2563;99119;0;247;3;0;59168
1;777;240028;2563;99118;0;247;3;0;10181
1;778;240253;2563;99118;0;246;3;0;45877
1;779;240568;2563;99118;0;246;3;0;7784
1;780;240904;2563;99118;0;246;3;0;14023
1;781;241133;2563;99118;0;247;3;0;42477
1;782;241449;2564;99117;0;247;3;0;61170
1;783;241898;2564;99118;0;247;3;0;43821
1;784;242124;2564;99118;0;246;3;0;28010
1;785;242439;2564;99119;0;246;3;0;5487
1;786;242879;2564;99118;0;247;3;0;10483
1;787;243110;2564;99118;0;247;3;0;55099
1;788;243429;2564;99118;0;247;3;0;19531
1;789;243865;2565;99119;0;247;3;0;16607
1;790;244095;2565;99119;0;247;3;0;19641
1;791;244410;2565;99119;0;247;3;0;41357
1;792;244640;2565;99119;0;247;3;0;7005
1;793;244955;2565;99119;0;247;3;0;16876
1;794;245187;2565;99119;0;247;3;0;729
1;795;245518;2565;99120;0;247;3;0;7895
1;796;245840;2565;99119;0;247;3;0;59827
1;797;246155;2565;99118;0;247;3;0;26618
1;798;246401;2564;99118;0;246;3;0;46161
1;799;246821;2564;99115;0;246;3;0;44153
1;800;247136;2564;99114;0;246;3;0;3516
1;801;247383;2564;99114;0;246;3;0;27459
1;802;247807;2564;99114;0;246;3;0;64125
1;803;248141;2564;99114;0;246;3;0;1683
1;804;248476;2564;99114;0;246;3;0;21038
1;805;248792;2564;99113;0;246;3;0;26467
1;806;249018;2564;99113;0;286;3;0;22443
1;807;249333;2564;99112;0;286;3;0;29795
1;808;249564;2564;99112;0;286;3;0;40447
1;809;249903;2564;99112;0;246;3;0;25960
1;810;250218;2564;99112;0;246;3;0;37922
1;811;250533;2564;99112;0;246;3;0;57282
1;812;250779;2564;99113;0;247;3;0;63678
1;813;251094;2564;99114;0;247;3;0;39610
1;814;251413;2564;99117;0;247;3;0;14404
1;815;251764;2563;99118;0;246;3;0;568
1;816;252083;2563;99119;0;246;3;0;50101
1;817;252398;2563;99118;0;246;3;0;57272
1;818;252729;2563;99118;0;246;3;0;2418
1;819;252961;2562;99118;0;246;3;0;25472
1;820;253277;2562;99118;0;246;3;0;28452
1;821;253503;2562;99118;0;1526;3;0;33009
1;822;253822;2562;99117;0;1526;3;0;19145
1;823;254055;2562;99117;0;1526;3;0;289
1;824;254281;2562;99116;0;247;3;0;5159
1;825;254709;2562;99115;0;247;3;0;7515
1;826;255043;2562;99113;0;247;3;0;48916
1;827;255269;2562;99112;0;246;3;0;40317
1;828;255690;2562;99112;0;246;3;0;3743
1;829;256020;2562;99112;0;247;3;0;55486
1;830;256255;2562;99112;0;247;3;0;43142
1;831;256676;2562;99113;0;247;3;0;16010
1;832;256901;2562;99113;0;247;3;0;33276
1;833;257236;2562;99115;0;247;3;0;57640
1;834;257663;2562;99117;0;247;3;0;22665
1;835;257893;2562;99117;0;247;3;0;38503
1;836;258208;2561;99116;0;247;3;0;15074
1;837;258452;2561;99117;0;247;3;0;62747
1;838;258678;2561;99117;0;247;3;0;64156
1;839;258993;2561;99117;0;247;3;0;30213
1;840;259308;2561;99118;0;247;3;0;32318
1;841;259661;2561;99119;0;246;3;0;20152
1;842;259976;2561;99120;0;246;3;0;37364
1;843;260291;2561;99121;0;246;3;0;8330
1;844;260644;2560;99121;0;246;3;0;55615
1;845;260959;2560;99120;0;246;3;0;39804
1;846;261293;2560;99121;0;246;3;0;53857
1;847;261633;2560;99122;0;246;3;0;15487
1;848;261948;2560;99122;0;246;3;0;63582
1;849;262174;2560;99122;0;246;3;0;56141
1;850;262595;2560;99122;0;246;3;0;17182
1;851;262827;2560;99122;0;246;3;0;46682
1;852;263052;2560;99122;0;246;3;0;27341
1;853;263368;2560;99123;0;246;3;0;16264
1;854;263684;2560;99123;0;246;3;0;16757
1;855;263929;2560;99123;0;246;3;0;57631
1;856;264245;2559;99122;0;246;3;0;7868
1;857;264565;2559;99122;0;246;3;0;4227
1;858;264794;2559;99122;0;246;3;0;17266
1;859;265025;2559;99122;0;246;3;0;40318
1;860;265344;2558;99122;0;246;3;0;4723
1;861;265676;2558;99122;0;246;3;0;55508
1;862;266010;2557;99121;0;246;3;0;43427
1;863;266326;2557;99121;0;246;3;0;37168
1;864;266556;2557;99121;0;246;3;0;8448
1;865;266874;2557;99121;0;246;3;0;3354
1;866;267106;2557;99120;0;246;3;0;38502
1;867;267546;2557;99120;0;246;3;0;21973
1;868;267861;2556;99120;0;246;3;0;20318
1;869;268196;2556;99120;0;246;3;0;33672
1;870;268527;2556;99120;0;246;3;0;18080
1;871;268843;2556;99119;0;246;3;0;52572
1;872;269177;2556;99119;0;246;3;0;34968
1;873;269526;2556;99118;0;246;3;0;57317
1;874;269841;2556;99118;0;246;3;0;5934
1;875;270067;2556;99119;0;246;3;0;33970
1;876;270507;2556;99118;0;246;3;0;13265
1;877;270826;2556;99119;0;246;3;0;62789
1;878;271052;2556;99119;0;246;3;0;12614
1;879;271497;2555;99120;0;246;3;0;4234
1;880;271828;2555;99119;0;246;3;0;20131
1;881;272142;2555;99119;0;246;3;0;57356
1;882;272459;2555;99118;0;246;3;0;6193
1;883;272705;2555;99117;0;246;3;0;45092
1;884;273020;2554;99117;0;246;3;0;53612
1;885;273444;2554;99119;0;246;3;0;36462
1;886;273698;2554;99120;0;246;3;0;59400
1;887;274013;2554;99119;0;246;3;0;45037
1;888;274449;2553;99118;0;246;3;0;23688
1;889;274783;2554;99117;0;246;3;0;180
1;890;275099;2553;99116;0;246;3;0;18065
1;891;275430;2553;99114;0;246;3;0;20259
1;892;275751;2553;99114;0;246;3;0;11625
1;893;275992;2553;99113;0;246;3;0;46204
1;894;276217;2553;99113;0;246;3;0;25232
1;895;276534;2553;99113;0;246;3;0;4099
1;896;276848;2553;99113;0;246;3;0;2836
1;897;277098;2553;99113;0;246;3;0;34195
1;898;277414;2553;99113;0;246;3;0;4899
1;899;277737;2553;99114;0;246;3;0;20707
1;900;277962;2553;99113;0;246;3;0;46854
1;901;278193;2553;99113;0;246;3;0;28005
1;902;278513;2553;99113;0;246;3;0;53061
1;903;278844;2552;99112;0;246;3;0;59406
1;904;279179;2552;99112;0;246;3;0;2759
1;905;279495;2552;99113;0;246;3;0;6185
1;906;279720;2552;99113;0;247;3;0;6495
1;907;280038;2552;99112;0;247;3;0;10869
1;908;280377;2552;99113;0;247;3;0;60409
1;909;280603;2552;99113;0;247;3;0;20794
1;910;280918;2552;99113;0;247;3;0;10080
1;911;281360;2552;99113;0;247;3;0;41822
1;912;281590;2552;99113;0;247;3;0;61280
1;913;281905;2552;99113;0;247;3;0;2918
1;914;282345;2552;99113;0;247;3;0;32822
1;915;282576;2552;99113;0;247;3;0;17404
1;916;282890;2552;99112;0;247;3;0;25415
1;917;283326;2552;99112;0;10487;3;0;30235
1;918;283560;2552;99112;0;10487;3;0;53362
1;919;283874;2552;99113;0;10487;3;0;24683
1;920;284103;2552;99112;0;567;3;0;47378
1;921;284420;2552;99112;0;567;3;0;40526
1;922;284650;2552;99112;0;567;3;0;48412
1;923;284980;2552;99112;0;247;3;0;8124
1;924;285300;2552;99112;0;247;3;0;46570
1;925;285615;2552;99113;0;247;3;0;15267
1;926;285861;2552;99113;0;247;3;0;34792
1;927;286285;2552;99114;0;247;3;0;21114
1;928;286600;2552;99114;0;247;3;0;56318
1;929;286848;2552;99114;0;247;3;0;40693
1;930;287268;2552;99115;0;247;3;0;64343
1;931;287599;2553;99115;0;247;3;0;1597
1;932;287934;2552;99114;0;247;3;0;20344
1;933;288250;2552;99114;0;247;3;0;719
1;934;288480;2552;99114;0;247;3;0;8279
1;935;288795;2552;99114;0;247;3;0;13135
1;936;289026;2552;99113;0;247;3;0;49219
1;937;289362;2552;99114;0;1527;3;0;21675
1;938;289677;2553;99114;0;1527;3;0;43103
1;939;289995;2553;99115;0;1527;3;0;56542
1;940;290245;2553;99115;0;247;3;0;6140
1;941;290564;2553;99115;0;247;3;0;4452
1;942;290878;2553;99115;0;247;3;0;48547
1;943;291230;2553;99115;0;247;3;0;1938
1;944;291545;2553;99116;0;247;3;0;22196
1;945;291860;2553;99117;0;247;3;0;52271
1;946;292191;2554;99117;0;247;3;0;6044
1;947;292422;2554;99118;0;247;3;0;53447
1;948;292741;2554;99118;0;247;3;0;64470
1;949;292970;2554;99118;0;247;3;0;7523
1;950;293290;2554;99118;0;247;3;0;20299
1;951;293521;2554;99117;0;247;3;0;38358
1;952;293746;2554;99118;0;247;3;0;27137
1;953;294166;2555;99118;0;247;3;0;13896
1;954;294501;2555;99118;0;247;3;0;50980
1;955;294727;2555;99118;0;247;3;0;44249
1;956;295151;2555;99118;0;247;3;0;17793
1;957;295481;2555;99117;0;248;3;0;12981
1;958;295714;2555;99118;0;248;3;0;14428
1;959;296134;2556;99118;0;248;3;0;45906
1;960;296364;2556;99118;0;248;3;0;49686
1;961;296699;2556;99120;0;248;3;0;59048
1;962;297123;2556;99121;0;248;3;0;31946
1;963;297353;2556;99121;0;568;3;0;20215
1;964;297668;2556;99121;0;568;3;0;12507
1;965;297899;2556;99122;0;568;3;0;36770
1;966;298124;2556;99123;0;248;3;0;56584
1;967;298440;2557;99123;0;248;3;0;54748
1;968;298755;2557;99124;0;248;3;0;10259
1;969;299110;2557;99124;0;248;3;0;47984
1;970;299426;2557;99125;0;248;3;0;29337
1;971;299744;2557;99125;0;248;3;0;7435
1;972;300095;2558;99126;0;248;3;0;13123
1;973;300411;2558;99125;0;248;3;0;1550
1;974;300741;2558;99125;0;248;3;0;43796
1;975;301079;2558;99126;0;248;3;0;27398
1;976;301402;2558;99127;0;248;3;0;11625
1;977;301628;2558;99127;0;248;3;0;15729
1;978;302051;2559;99129;0;248;3;0;37631
1;979;302282;2559;99129;0;248;3;0;36751
1;980;302508;2559;99128;0;248;3;0;58295
1;981;302823;2559;99128;0;248;3;0;7127
1;982;303142;2559;99128;0;248;3;0;17689
1;983;303390;2559;99127;0;248;3;0;7426
1;984;303709;2559;99127;0;248;3;0;5708
1;985;304025;2559;99127;0;248;3;0;44019
1;986;304251;2560;99128;0;248;3;0;49140
1;987;304482;2560;99128;0;248;3;0;16444
1;988;304797;2560;99128;0;248;3;0;52703
1;989;305132;2560;99128;0;248;3;0;61697
1;990;305471;2560;99128;0;248;3;0;62740
1;991;305786;2560;99129;0;248;3;0;12385
1;992;306011;2560;99128;0;248;3;0;38442
1;993;306330;2560;99128;0;248;3;0;47172
1;994;306561;2560;99127;0;248;3;0;16740
1;995;306997;2560;99128;0;248;3;0;50594
1;996;307312;2561;99128;0;248;3;0;52128
1;997;307647;2561;99128;0;248;3;0;49193
1;998;307981;2561;99128;0;248;3;0;399
1;999;308297;2561;99127;0;248;3;0;1968
1;1000;308627;2561;99126;0;248;3;0;60709
1;1001;308963;2561;99126;0;248;3;0;33136
1;1002;309282;2561;99126;0;248;3;0;47776
1;1003;309512;2561;99126;0;248;3;0;22093
1;1004;309955;2562;99125;0;248;3;0;3450
1;1005;310271;2562;99125;0;248;3;0;40410
1;1006;310497;2562;99125;0;248;3;0;31768
1;1007;310938;2562;99124;0;248;3;0;54806
1;1008;311269;2562;99124;0;248;3;0;19447
1;1009;311584;2562;99122;0;248;3;0;34674
1;1010;311899;2562;99123;0;248;3;0;10567
1;1011;312147;2562;99122;0;1528;3;0;48224
1;1012;312463;2562;99122;0;1528;3;0;48245
1;1013;312887;2562;99122;0;1528;3;0;30488
1;1014;313136;2562;99122;0;288;3;0;8364
1;1015;313452;2562;99122;0;288;3;0;9524
1;1016;313891;2562;99123;0;248;3;0;55796
1;1017;314229;2562;99123;0;248;3;0;43910
1;1018;314545;2562;99123;0;248;3;0;31389
1;1019;314876;2562;99122;0;248;3;0;30865
1;1020;315191;2562;99122;0;248;3;0;15581
1;1021;315422;2562;99123;0;248;3;0;52075
1;1022;315647;2562;99123;0;248;3;0;7559
1;1023;315963;2562;99123;0;248;3;0;18549
1;1024;316281;2562;99122;0;248;3;0;14454
1;1025;316531;2562;99122;0;248;3;0;10274
1;1026;316847;2562;99121;0;248;3;0;55401
1;1027;317166;2561;99120;0;248;3;0;37169
1;1028;317392;2561;99119;0;248;3;0;6747
1;1029;317623;2561;99118;0;248;3;0;21439
1;1030;317938;2561;99118;0;248;3;0;41717
1;1031;318269;2561;99118;0;248;3;0;16689
1;1032;318609;2560;99118;0;248;3;0;52862
1;1033;318925;2560;99118;0;248;3;0;6872
1;1034;319150;2560;99118;0;248;3;0;62901
1;1035;319469;2561;99118;0;248;3;0;36815
1;1036;319805;2561;99118;0;248;3;0;38909
1;1037;320030;2561;99119;0;20728;3;0;505
1;1038;320346;2561;99119;0;20728;3;0;57425
1;1039;320793;2561;99119;0;20728;3;0;47063
1;1040;321019;2561;99119;0;248;3;0;52570
1;1041;321334;2561;99119;0;248;3;0;3930
1;1042;321770;2560;99120;0;248;3;0;52664
1;1043;322001;2560;99120;0;248;3;0;12214
1;1044;322315;2561;99120;0;248;3;0;8314
1;1045;322759;2561;99120;0;248;3;0;55918
1;1046;322989;2561;99120;0;248;3;0;58008
1;1047;323304;2561;99120;0;248;3;0;65444
1;1048;323531;2561;99120;0;248;3;0;61573
1;1049;323846;2561;99121;0;248;3;0;22673
1;1050;324076;2561;99121;0;248;3;0;14411
1;1051;324406;2561;99121;0;248;3;0;38628
1;1052;324726;2561;99121;0;248;3;0;48224
1;1053;325045;2561;99121;0;248;3;0;29553
1;1054;325292;2562;99122;0;248;3;0;55184
1;1055;325720;2562;99122;0;248;3;0;12598
1;1056;326035;2562;99122;0;248;3;0;24046
1;1057;326281;2562;99123;0;248;3;0;2848
1;1058;326702;2562;99124;0;248;3;0;11906
1;1059;327032;2562;99124;0;248;3;0;23792
1;1060;327371;2562;99123;0;248;3;0;17458
1;1061;327687;2563;99124;0;248;3;0;9442
1;1062;327913;2563;99123;0;248;3;0;11789
1;1063;328228;2563;99123;0;248;3;0;60429
1;1064;328463;2563;99123;0;248;3;0;25660
1;1065;328798;2563;99123;0;248;3;0;42075
1;1066;329116;2563;99123;0;248;3;0;55223
1;1067;329431;2563;99124;0;248;3;0;1642
1;1068;329678;2563;99124;0;248;3;0;7586
1;1069;329992;2564;99124;0;248;3;0;13003
1;1070;330307;2564;99124;0;248;3;0;26292
1;1071;330659;2564;99124;0;248;3;0;42113
1;1072;330974;2564;99124;0;248;3;0;55327
1;1073;331288;2564;99124;0;248;3;0;44073
1;1074;331624;2564;99123;0;248;3;0;1463
1;1075;331860;2565;99124;0;248;3;0;3069
1;1076;332175;2565;99125;0;248;3;0;25012
1;1077;332405;2565;99125;0;248;3;0;23357
1;1078;332721;2565;99125;0;248;3;0;19101
1;1079;332953;2566;99126;0;248;3;0;61520
1;1080;333179;2566;99125;0;288;3;0;23582
1;1081;333603;2566;99125;0;288;3;0;9085
1;1082;333937;2566;99124;0;288;3;0;47087
1;1083;334163;2566;99125;0;248;3;0;18208
1;1084;334585;2567;99124;0;248;3;0;25222
1;1085;334914;2567;99124;0;248;3;0;6175
1;1086;335149;2567;99124;0;248;3;0;29571
1;1087;335574;2567;99125;0;248;3;0;33185
1;1088;335799;2567;99126;0;248;3;0;15913
1;1089;336138;2567;99125;0;248;3;0;10909
1;1090;336559;2568;99125;0;248;3;0;61154
1;1091;336785;2568;99125;0;248;3;0;24454
1;1092;337099;2568;99125;0;248;3;0;52695
1;1093;337330;2568;99125;0;248;3;0;30233
1;1094;337560;2568;99124;0;248;3;0;44747
1;1095;337879;2569;99125;0;248;3;0;51296
1;1096;338193;2568;99124;0;248;3;0;50197
1;1097;338549;2569;99125;0;248;3;0;26851
1;1098;338864;2569;99126;0;248;3;0;4443
1;1099;339178;2569;99126;0;248;3;0;26378
1;1100;339530;2570;99125;0;248;3;0;26153
1;1101;339845;2570;99126;0;248;3;0;5466
1;1102;340182;2570;99126;0;20728;3;0;8018
1;1103;340519;2570;99126;0;20728;3;0;15305
1;1104;340835;2571;99126;0;20728;3;0;30590
1;1105;341060;2571;99126;0;20728;3;0;36690
1;1106;341481;2571;99126;0;20728;3;0;19718
1;1107;341715;2571;99125;0;20728;3;0;34681
1;1108;341940;2571;99125;0;249;3;0;64640
1;1109;342259;2572;99126;0;249;3;0;58333
1;1110;342575;2572;99126;0;249;3;0;33569
1;1111;342821;2572;99127;0;248;3;0;8662
1;1112;343136;2572;99126;0;248;3;0;4175
1;1113;343452;2572;99127;0;248;3;0;53418
1;1114;343682;2572;99127;0;248;3;0;45498
1;1115;343912;2572;99128;0;248;3;0;24168
1;1116;344232;2572;99128;0;248;3;0;31831
1;1117;344567;2573;99128;0;249;3;0;30437
1;1118;344901;2573;99128;0;249;3;0;46915
1;1119;345217;2573;99128;0;249;3;0;51783
1;1120;345443;2573;99128;0;249;3;0;3439
1;1121;345758;2573;99128;0;249;3;0;17736
1;1122;345988;2574;99128;0;249;3;0;59420
1;1123;346428;2574;99128;0;249;3;0;45606
1;1124;346743;2574;99128;0;249;3;0;44614
1;1125;347077;2574;99128;0;249;3;0;11186
1;1126;347414;2574;99128;0;249;3;0;15906
1;1127;347730;2575;99127;0;249;3;0;64940
1;1128;348060;2575;99127;0;249;3;0;37625
1;1129;348403;2575;99127;0;249;3;0;42830
1;1130;348719;2575;99128;0;249;3;0;19585
1;1131;348945;2575;99128;0;249;3;0;64997
1;1132;349389;2575;99128;0;249;3;0;65008
1;1133;349704;2576;99128;0;249;3;0;28422
1;1134;349930;2576;99128;0;249;3;0;35020
1;1135;350370;2576;99129;0;249;3;0;41136
1;1136;350705;2576;99128;0;249;3;0;7554
1;1137;351020;2577;99129;0;249;3;0;23721
1;1138;351336;2577;99129;0;249;3;0;32186
1;1139;351588;2577;99129;0;249;3;0;53017
1;1140;351903;2577;99129;0;249;3;0;370
1;1141;352323;2577;99129;0;249;3;0;14808
1;1142;352569;2577;99129;0;249;3;0;7983
1;1143;352888;2577;99129;0;249;3;0;16795
1;1144;353324;2578;99130;0;249;3;0;47571
1;1145;353659;2578;99129;0;249;3;0;41913
1;1146;353974;2578;99129;0;249;3;0;25986
1;1147;354305;2579;99129;0;249;3;0;36709
1;1148;354620;2579;99129;0;249;3;0;60199
1;1149;354856;2579;99129;0;249;3;0;33020
1;1150;355085;2579;99129;0;5369;3;0;58598
1;1151;355401;2579;99130;0;5369;3;0;4368
1;1152;355720;2579;99130;0;5369;3;0;34977
1;1153;355965;2579;99131;0;249;3;0;20105
1;1154;356281;2579;99132;0;249;3;0;30356
1;1155;356597;2580;99132;0;249;3;0;33807
1;1156;356823;2580;99132;0;249;3;0;3058
1;1157;357057;2580;99132;0;249;3;0;16877
1;1158;357373;2580;99132;0;249;3;0;32082
1;1159;357704;2580;99132;0;250;3;0;3141
1;1160;358042;2580;99132;0;250;3;0;63968
1;1161;358359;2580;99132;0;250;3;0;9125
1;1162;358584;2580;99132;0;250;3;0;39175
1;1163;358899;2581;99133;0;250;3;0;48164
1;1164;359239;2581;99134;0;250;3;0;12075
1;1165;359465;2581;99135;0;250;3;0;57528
1;1166;359780;2581;99134;0;250;3;0;20139
1;1167;360220;2581;99134;0;250;3;0;3530
1;1168;360446;2581;99134;0;250;3;0;636
1;1169;360761;2581;99134;0;250;3;0;5816
1;1170;361205;2582;99134;0;250;3;0;4036
1;1171;361437;2582;99134;0;250;3;0;49901
1;1172;361752;2581;99133;0;250;3;0;21616
1;1173;362188;2582;99134;0;250;3;0;248
1;1174;362420;2582;99134;0;250;3;0;1995
1;1175;362735;2582;99136;0;250;3;0;38933
1;1176;362961;2582;99136;0;250;3;0;23887
1;1177;363281;2583;99136;0;250;3;0;3670
1;1178;363516;2583;99136;0;250;3;0;7202
1;1179;363846;2583;99137;0;250;3;0;44560
1;1180;364162;2583;99137;0;250;3;0;47046
1;1181;364482;2583;99137;0;250;3;0;47609
1;1182;364728;2584;99138;0;250;3;0;54418
1;1183;365147;2584;99138;0;250;3;0;53196
1;1184;365463;2584;99138;0;250;3;0;53690
1;1185;365711;2584;99139;0;250;3;0;9826
1;1186;366131;2584;99139;0;250;3;0;664
1;1187;366462;2584;99139;0;250;3;0;55517
1;1188;366797;2585;99138;0;250;3;0;58847
1;1189;367116;2585;99138;0;250;3;0;58183
1;1190;367343;2585;99137;0;250;3;0;27797
1;1191;367662;2585;99137;0;250;3;0;60127
1;1192;367896;2585;99137;0;250;3;0;43157
1;1193;368227;2585;99136;0;250;3;0;43711
1;1194;368542;2585;99136;0;250;3;0;3822
1;1195;368858;2585;99136;0;250;3;0;63353
1;1196;369103;2585;99136;0;250;3;0;10281
1;1197;369418;2585;99135;0;250;3;0;23960
1;1198;369733;2585;99135;0;250;3;0;51901
1;1199;370089;2585;99136;0;250;3;0;64689
1;1200;370405;2585;99136;0;250;3;0;12828
1;1201;370724;2585;99136;0;250;3;0;42451
1;1202;371059;2586;99136;0;250;3;0;42233
1;1203;371290;2586;99136;0;250;3;0;14683
1;1204;371605;2586;99136;0;250;3;0;54994
1;1205;371831;2586;99136;0;250;3;0;62872
1;1206;372150;2586;99135;0;250;3;0;34803
1;1207;372381;2586;99135;0;250;3;0;15253
1;1208;372607;2586;99135;0;250;3;0;44122
1;1209;373030;2586;99134;0;250;3;0;43471
1;1210;373366;2586;99134;0;250;3;0;21895
1;1211;373592;2586;99134;0;250;3;0;64226
1;1212;374016;2586;99134;0;250;3;0;57683
1;1213;374350;2587;99134;0;250;3;0;3898
1;1214;374584;2587;99134;0;250;3;0;60757
1;1215;375004;2587;99134;0;250;3;0;48598
1;1216;375230;2587;99135;0;250;3;0;37835
1;1217;375565;2587;99135;0;250;3;0;61072
1;1218;375986;2588;99136;0;250;3;0;10515
1;1219;376212;2588;99137;0;250;3;0;55599
1;1220;376531;2588;99136;0;250;3;0;55710
1;1221;376763;2588;99136;0;250;3;0;27827
1;1222;376988;2588;99135;0;250;3;0;61586
1;1223;377308;2588;99135;0;250;3;0;65197
1;1224;377623;2588;99134;0;250;3;0;62102
1;1225;377973;2588;99134;0;250;3;0;8660
1;1226;378289;2588;99134;0;250;3;0;12404
1;1227;378612;2588;99133;0;250;3;0;21938
1;1228;378962;2588;99133;0;250;3;0;4309
1;1229;379278;2588;99133;0;250;3;0;13435
1;1230;379608;2589;99134;0;250;3;0;38886
1;1231;379944;2589;99134;0;250;3;0;9037
1;1232;380259;2589;99133;0;250;3;0;42973
1;1233;380489;2588;99133;0;250;3;0;20026
1;1234;380913;2589;99133;0;250;3;0;33894
1;1235;381143;2589;99133;0;250;3;0;24103
1;1236;381369;2589;99133;0;250;3;0;27974
1;1237;381684;2589;99133;0;250;3;0;63338
1;1238;381999;2589;99133;0;250;3;0;26090
1;1239;382248;2589;99133;0;290;3;0;8708
1;1240;382564;2590;99132;0;290;3;0;51992
1;1241;382883;2590;99132;0;290;3;0;18305
1;1242;383109;2590;99131;0;250;3;0;30739
1;1243;383343;2590;99131;0;250;3;0;7410
1;1244;383659;2590;99131;0;250;3;0;1316
1;1245;383990;2591;99130;0;250;3;0;23626
1;1246;384326;2591;99130;0;250;3;0;15610
1;1247;384642;2591;99130;0;250;3;0;49452
1;1248;384874;2591;99130;0;250;3;0;41168
1;1249;385189;2591;99130;0;250;3;0;8057
1;1250;385419;2592;99129;0;250;3;0;40567
1;1251;385855;2592;99130;0;250;3;0;59768
1;1252;386174;2592;99130;0;250;3;0;54046
1;1253;386509;2592;99130;0;250;3;0;17928
1;1254;386844;2592;99129;0;250;3;0;35444
1;1255;387163;2592;99130;0;250;3;0;24353
1;1256;387493;2593;99130;0;250;3;0;22292
1;1257;387829;2593;99130;0;250;3;0;1859
1;1258;388144;2593;99130;0;250;3;0;28318
1;1259;388371;2593;99130;0;250;3;0;5505
1;1260;388811;2593;99130;0;250;3;0;54990
1;1261;389126;2593;99130;0;250;3;0;42643
1;1262;389356;2593;99129;0;250;3;0;48819
1;1263;389796;2593;99130;0;250;3;0;42795
1;1264;390131;2594;99130;0;890;3;0;63345
1;1265;390450;2594;99129;0;890;3;0;2497
1;1266;390766;2594;99130;0;890;3;0;18923
1;1267;391021;2594;99130;0;250;3;0;47098
1;1268;391341;2594;99130;0;250;3;0;31987
1;1269;391761;2595;99130;0;250;3;0;51569
1;1270;392008;2595;99130;0;250;3;0;39590
1;1271;392324;2595;99132;0;250;3;0;37190
1;1272;392760;2595;99132;0;250;3;0;28061
1;1273;393094;2595;99132;0;250;3;0;11505
1;1274;393414;2595;99133;0;250;3;0;34244
1;1275;393749;2595;99134;0;250;3;0;50275
1;1276;394064;2596;99134;0;250;3;0;46910
1;1277;394297;2596;99133;0;250;3;0;43696
1;1278;394523;2596;99133;0;250;3;0;27986
1;1279;394838;2596;99133;0;250;3;0;63358
1;1280;395153;2596;99133;0;250;3;0;64690
1;1281;395399;2596;99133;0;2810;3;0;20305
1;1282;395719;2596;99133;0;2810;3;0;60785
1;1283;396034;2597;99134;0;2810;3;0;38392
1;1284;396264;2596;99132;0;250;3;0;12358
1;1285;396494;2597;99132;0;250;3;0;40427
1;1286;396814;2597;99132;0;250;3;0;10126
1;1287;397145;2597;99132;0;250;3;0;17694
1;1288;397480;2597;99133;0;250;3;0;55179
1;1289;397803;2597;99132;0;250;3;0;12507
1;1290;398028;2597;99132;0;250;3;0;58426
1;1291;398343;2597;99133;0;250;3;0;7405
1;1292;398679;2598;99134;0;250;3;0;24460
1;1293;398905;2598;99134;0;250;3;0;51332
1;1294;399220;2598;99133;0;250;3;0;50724
1;1295;399666;2598;99133;0;250;3;0;54093
1;1296;399896;2598;99133;0;250;3;0;15274
1;1297;400210;2598;99133;0;250;3;0;37697
1;1298;400647;2598;99132;0;251;3;0;26253
1;1299;400877;2598;99131;0;251;3;0;33781
1;1300;401192;2598;99129;0;251;3;0;33366
1;1301;401628;2598;99128;0;250;3;0;56274
1;1302;401862;2598;99127;0;250;3;0;12816
1;1303;402181;2598;99126;0;250;3;0;52485
1;1304;402407;2599;99126;0;250;3;0;46989
1;1305;402727;2599;99126;0;250;3;0;8485
1;1306;402956;2599;99126;0;250;3;0;12636
1;1307;403287;2599;99126;0;250;3;0;38740
1;1308;403603;2599;99127;0;250;3;0;51100
1;1309;403918;2599;99127;0;250;3;0;984
1;1310;404168;2599;99127;0;250;3;0;64473
1;1311;404588;2599;99127;0;250;3;0;27391
1;1312;404903;2599;99128;0;250;3;0;36116
1;1313;405149;2600;99129;0;251;3;0;36059
1;1314;405570;2600;99129;0;251;3;0;28508
1;1315;405908;2600;99128;0;250;3;0;40766
1;1316;406244;2600;99128;0;250;3;0;5995
1;1317;406564;2600;99128;0;250;3;0;33219
1;1318;406790;2600;99128;0;250;3;0;17953
1;1319;407105;2600;99127;0;250;3;0;61930
1;1320;407336;2600;99128;0;250;3;0;43816
1;1321;407667;2600;99127;0;250;3;0;22317
1;1322;407982;2600;99125;0;250;3;0;28621
1;1323;408297;2600;99125;0;250;3;0;21301
1;1324;408550;2600;99125;0;250;3;0;13488
1;1325;408864;2600;99126;0;250;3;0;47278
1;1326;409183;2600;99126;0;250;3;0;36186
1;1327;409538;2600;99126;0;250;3;0;49426
1;1328;409853;2600;99126;0;250;3;0;7423
1;1329;410168;2600;99125;0;250;3;0;8469
1;1330;410499;2600;99124;0;570;3;0;39317
1;1331;410734;2600;99125;0;570;3;0;38696
1;1332;411049;2600;99124;0;570;3;0;10232
1;1333;411275;2600;99124;0;250;3;0;53948
1;1334;411591;2600;99124;0;250;3;0;46084
1;1335;411825;2600;99124;0;250;3;0;11082
1;1336;412050;2600;99124;0;250;3;0;9323
1;1337;412471;2600;99124;0;250;3;0;9597
1;1338;412821;2600;99124;0;250;3;0;53804
1;1339;413047;2600;99124;0;250;3;0;12765
1;1340;413472;2600;99123;0;250;3;0;30397
1;1341;413802;2600;99122;0;250;3;0;62507
1;1342;414033;2599;99122;0;250;3;0;31592
1;1343;414455;2599;99120;0;250;3;0;17359
1;1344;414681;2599;99121;0;250;3;0;53582
1;1345;415018;2599;99120;0;250;3;0;35978
1;1346;415446;2599;99121;0;250;3;0;40985
1;1347;415672;2598;99121;0;250;3;0;12827
1;1348;415986;2598;99121;0;250;3;0;45006
1;1349;416227;2598;99120;0;250;3;0;3935
1;1350;416453;2598;99119;0;250;3;0;5458
1;1351;416768;2597;99118;0;250;3;0;51068
1;1352;417090;2597;99117;0;250;3;0;58435
1;1353;417442;2597;99117;0;250;3;0;26143
1;1354;417757;2597;99117;0;250;3;0;4994
1;1355;418072;2597;99116;0;250;3;0;31378
1;1356;418423;2596;99117;0;250;3;0;33874
1;1357;418742;2596;99118;0;250;3;0;4733
1;1358;419072;2596;99117;0;250;3;0;26747
1;1359;419412;2596;99117;0;250;3;0;31652
1;1360;419728;2596;99118;0;250;3;0;64130
1;1361;419953;2595;99118;0;250;3;0;13155
1;1362;420377;2595;99117;0;250;3;0;47846
1;1363;420610;2595;99116;0;250;3;0;48291
1;1364;420835;2595;99116;0;250;3;0;8784
1;1365;421153;2595;99116;0;250;3;0;38204
1;1366;421473;2594;99116;0;250;3;0;12822
1;1367;421725;2594;99115;0;250;3;0;35595
1;1368;422040;2594;99115;0;250;3;0;41052
1;1369;422356;2594;99115;0;250;3;0;27387
1;1370;422583;2593;99114;0;250;3;0;37498
1;1371;422813;2593;99114;0;250;3;0;32407
1;1372;423128;2593;99114;0;250;3;0;1913
1;1373;423464;2593;99113;0;250;3;0;19450
1;1374;423799;2593;99113;0;250;3;0;613
1;1375;424114;2593;99112;0;250;3;0;42575
1;1376;424340;2592;99112;0;890;3;0;22156
1;1377;424659;2592;99112;0;890;3;0;27252
1;1378;424891;2592;99111;0;890;3;0;63605
1;1379;425328;2591;99111;0;250;3;0;39785
1;1380;425646;2591;99109;0;250;3;0;39641
1;1381;425981;2591;99108;0;250;3;0;25480
1;1382;426312;2591;99108;0;250;3;0;41104
1;1383;426628;2590;99107;0;250;3;0;46728
1;1384;426958;2590;99107;0;250;3;0;27229
1;1385;427294;2590;99107;0;250;3;0;58100
1;1386;427610;2590;99107;0;250;3;0;17205
1;1387;427842;2589;99107;0;250;3;0;25530
1;1388;428283;2589;99107;0;250;3;0;25926
1;1389;428599;2589;99107;0;250;3;0;47012
1;1390;428828;2589;99108;0;250;3;0;52745
1;1391;429268;2588;99107;0;250;3;0;6987
1;1392;429600;2588;99107;0;249;3;0;50699
1;1393;429914;2588;99107;0;249;3;0;19683
1;1394;430233;2588;99107;0;249;3;0;56793
1;1395;430480;2587;99107;0;249;3;0;63000
1;1396;430795;2587;99108;0;249;3;0;56772
1;1397;431219;2587;99108;0;249;3;0;38523
1;1398;431465;2587;99109;0;249;3;0;11459
1;1399;431780;2586;99108;0;249;3;0;56269
1;1400;432222;2586;99109;0;250;3;0;39570
1;1401;432557;2586;99110;0;250;3;0;3962
1;1402;432876;2586;99110;0;250;3;0;64977
1;1403;433207;2585;99111;0;250;3;0;54434
1;1404;433522;2584;99110;0;250;3;0;61661
1;1405;433753;2584;99110;0;250;3;0;19643
1;1406;433978;2583;99110;0;249;3;0;52287
1;1407;434298;2583;99111;0;249;3;0;44649
1;1408;434617;2582;99110;0;249;3;0;35638
1;1409;434864;2582;99110;0;250;3;0;50244
1;1410;435180;2581;99109;0;250;3;0;2978
1;1411;435496;2581;99110;0;250;3;0;42616
1;1412;435722;2581;99110;0;250;3;0;27116
1;1413;435952;2580;99110;0;250;3;0;65099
1;1414;436272;2580;99109;0;250;3;0;44419
1;1415;436607;2580;99109;0;249;3;0;47312
1;1416;436941;2579;99108;0;249;3;0;6962
1;1417;437261;2579;99107;0;249;3;0;42023
1;1418;437487;2579;99107;0;249;3;0;17389
1;1419;437801;2579;99108;0;249;3;0;7782
1;1420;438137;2578;99108;0;249;3;0;44859
1;1421;438363;2578;99108;0;249;3;0;14066
1;1422;438683;2578;99109;0;249;3;0;48275
1;1423;439122;2577;99109;0;249;3;0;62142
1;1424;439349;2577;99110;0;249;3;0;19983
1;1425;439664;2577;99109;0;249;3;0;27552
1;1426;440099;2576;99109;0;249;3;0;19337
1;1427;440336;2576;99108;0;249;3;0;10208
1;1428;440655;2576;99108;0;249;3;0;9824
1;1429;441090;2575;99109;0;249;3;0;7111
1;1430;441321;2575;99109;0;249;3;0;27647
1;1431;441636;2574;99108;0;249;3;0;46087
1;1432;441862;2574;99107;0;249;3;0;49680
1;1433;442178;2574;99106;0;249;3;0;22510
1;1434;442409;2573;99105;0;249;3;0;61613
1;1435;442740;2573;99104;0;249;3;0;60576
1;1436;443059;2573;99103;0;249;3;0;45092
1;1437;443375;2573;99103;0;249;3;0;25730
1;1438;443625;2573;99103;0;249;3;0;7249
1;1439;444048;2572;99101;0;249;3;0;43522
1;1440;444367;2572;99101;0;249;3;0;27483
1;1441;444614;2571;99100;0;249;3;0;18925
1;1442;445037;2571;99098;0;249;3;0;61516
1;1443;445368;2570;99095;0;248;3;0;34722
1;1444;445703;2569;99093;0;248;3;0;13733
1;1445;446018;2569;99091;0;248;3;0;55661
1;1446;446244;2568;99089;0;248;3;0;49363
1;1447;446564;2568;99087;0;248;3;0;15007
1;1448;446794;2568;99085;0;248;3;0;16759
1;1449;447129;2568;99084;0;248;3;0;2119
1;1450;447444;2568;99083;0;248;3;0;22432
1;1451;447760;2568;99083;0;248;3;0;33408
1;1452;448007;2567;99082;0;248;3;0;9574
1;1453;448322;2567;99080;0;248;3;0;55424
1;1454;448637;2567;99078;0;248;3;0;22365
1;1455;448988;2566;99076;0;248;3;0;6238
1;1456;449308;2566;99073;0;248;3;0;49993
1;1457;449623;2565;99070;0;248;3;0;41488
1;1458;449957;2565;99067;0;248;3;0;31473
1;1459;450190;2565;99066;0;248;3;0;7902
1;1460;450505;2565;99065;0;248;3;0;65205
1;1461;450731;2565;99064;0;248;3;0;33061
1;1462;451047;2565;99065;0;248;3;0;16340
1;1463;451281;2565;99064;0;248;3;0;37248
1;1464;451507;2565;99064;0;248;3;0;63047
1;1465;451931;2564;99063;0;248;3;0;5549
1;1466;452266;2564;99061;0;248;3;0;38334
1;1467;452492;2564;99060;0;248;3;0;25986
1;1468;452918;2564;99056;0;248;3;0;43835
1;1469;453248;2564;99054;0;248;3;0;11113
1;1470;453479;2563;99053;0;248;3;0;34079
1;1471;453904;2563;99051;0;248;3;0;17126
1;1472;454129;2563;99051;0;248;3;0;56760
1;1473;454465;2563;99050;0;248;3;0;18828
1;1474;454885;2563;99049;0;248;3;0;38628
1;1475;455111;2563;99049;0;248;3;0;64793
1;1476;455426;2563;99049;0;248;3;0;23561
1;1477;455663;2563;99048;0;248;3;0;14891
1;1478;455896;2563;99047;0;248;3;0;64298
1;1479;456212;2562;99046;0;248;3;0;46306
1;1480;456527;2562;99043;0;248;3;0;61402
1;1481;456878;2562;99042;0;248;3;0;13434
1;1482;457194;2562;99039;0;248;3;0;277
1;1483;457509;2562;99037;0;248;3;0;16994
1;1484;457865;2562;99035;0;248;3;0;59780
1;1485;458180;2561;99034;0;248;3;0;9261
1;1486;458511;2561;99033;0;248;3;0;20612
1;1487;458847;2561;99033;0;248;3;0;56895
1;1488;459166;2561;99033;0;248;3;0;29833
1;1489;459392;2561;99033;0;568;3;0;26454
1;1490;459816;2561;99034;0;568;3;0;58893
1;1491;460050;2561;99034;0;568;3;0;5345
1;1492;460276;2561;99034;0;248;3;0;9836
1;1493;460591;2561;99034;0;248;3;0;38945
1;1494;460906;2560;99033;0;248;3;0;34252
1;1495;461152;2560;99033;0;248;3;0;21795
1;1496;461468;2560;99033;0;248;3;0;31192
1;1497;461784;2560;99033;0;248;3;0;13423
1;1498;462016;2560;99034;0;248;3;0;53019
1;1499;462246;2560;99033;0;248;3;0;59280
1;1500;462562;2560;99034;0;248;3;0;30388
1;1501;462893;2560;99034;0;248;3;0;10029
1;1502;463228;2560;99034;0;248;3;0;35822
1;1503;463547;2560;99033;0;248;3;0;16356
1;1504;463773;2560;99033;0;248;3;0;13128
1;1505;464087;2560;99033;0;248;3;0;23320
1;1506;464323;2559;99033;0;248;3;0;52436
1;1507;464760;2559;99033;0;248;3;0;13983
1;1508;465074;2559;99033;0;248;3;0;23362
1;1509;465413;2559;99032;0;248;3;0;48600
1;1510;465744;2559;99033;0;248;3;0;35546
1;1511;466059;2559;99032;0;248;3;0;50216
1;1512;466389;2559;99033;0;248;3;0;40253
1;1513;466728;2559;99033;0;248;3;0;32062
1;1514;467043;2559;99033;0;248;3;0;56584
1;1515;467273;2559;99034;0;248;3;0;18719
1;1516;467717;2559;99035;0;248;3;0;22460
1;1517;468032;2559;99035;0;248;3;0;51794
1;1518;468262;2559;99035;0;248;3;0;13884
1;1519;468706;2559;99035;0;248;3;0;52202
1;1520;469036;2559;99035;0;248;3;0;60920
1;1521;469351;2559;99035;0;248;3;0;22001
1;1522;469667;2559;99035;0;248;3;0;1080
1;1523;469913;2559;99035;0;248;3;0;63188
1;1524;470229;2559;99035;0;248;3;0;6344
1;1525;470649;2558;99034;0;248;3;0;4870
1;1526;470899;2558;99033;0;248;3;0;5900
1;1527;471214;2558;99033;0;248;3;0;53620
1;1528;471658;2559;99034;0;248;3;0;52513
1;1529;471993;2559;99034;0;248;3;0;7217
1;1530;472309;2559;99033;0;248;3;0;49864
1;1531;472641;2559;99034;0;248;3;0;46535
1;1532;472959;2559;99034;0;248;3;0;57507
1;1533;473189;2559;99035;0;248;3;0;10042
1;1534;473415;2559;99035;0;248;3;0;57560
1;1535;473731;2559;99035;0;248;3;0;7438
1;1536;474045;2559;99035;0;248;3;0;56188
1;1537;474292;2559;99036;0;248;3;0;54195
1;1538;474612;2559;99036;0;248;3;0;29075
1;1539;474927;2558;99035;0;248;3;0;41728
1;1540;475159;2558;99035;0;288;3;0;61275
1;1541;475389;2558;99035;0;288;3;0;9118
1;1542;475705;2558;99033;0;288;3;0;31424
1;1543;476036;2558;99034;0;248;3;0;12555
1;1544;476371;2558;99035;0;248;3;0;16215
1;1545;476687;2558;99035;0;248;3;0;62388
1;1546;476912;2558;99034;0;248;3;0;1612
1;1547;477231;2558;99033;0;248;3;0;4644
1;1548;477567;2558;99033;0;248;3;0;58906
1;1549;477796;2557;99033;0;248;3;0;47066
1;1550;478112;2557;99033;0;248;3;0;42618
1;1551;478552;2557;99033;0;248;3;0;38337
1;1552;478778;2558;99033;0;248;3;0;19863
1;1553;479096;2558;99033;0;248;3;0;25196
1;1554;479540;2558;99034;0;248;3;0;9790
1;1555;479772;2558;99034;0;248;3;0;43902
1;1556;480087;2558;99034;0;248;3;0;63351
1;1557;480524;2558;99035;0;248;3;0;57769
1;1558;480756;2558;99035;0;248;3;0;48822
1;1559;481071;2558;99035;0;248;3;0;251
1;1560;481297;2558;99035;0;248;3;0;5279
1;1561;481617;2558;99036;0;248;3;0;13085
1;1562;481847;2558;99037;0;248;3;0;22355
1;1563;482177;2558;99036;0;288;3;0;2589
1;1564;482493;2558;99036;0;288;3;0;48646
1;1565;482812;2558;99037;0;288;3;0;30866
1;1566;483058;2558;99037;0;248;3;0;17656
1;1567;483478;2558;99037;0;248;3;0;10569
1;1568;483797;2558;99037;0;248;3;0;12937
1;1569;484047;2558;99037;0;248;3;0;48142
1;1570;484468;2558;99037;0;248;3;0;27272
1;1571;484799;2558;99036;0;248;3;0;64192
1;1572;485133;2558;99037;0;248;3;0;43824
1;1573;485450;2558;99036;0;248;3;0;57046
1;1574;485679;2558;99036;0;248;3;0;5022
1;1575;485994;2558;99037;0;248;3;0;55019
1;1576;486225;2558;99037;0;248;3;0;16603
1;1577;486557;2558;99036;0;248;3;0;25222
1;1578;486880;2558;99036;0;248;3;0;14047
1;1579;487196;2558;99037;0;248;3;0;7799
1;1580;487442;2558;99036;0;248;3;0;17261
1;1581;487757;2558;99035;0;248;3;0;36688
1;1582;488075;2558;99035;0;248;3;0;65373
1;1583;488427;2558;99035;0;248;3;0;52576
1;1584;488742;2558;99035;0;248;3;0;52177
1;1585;489056;2558;99035;0;248;3;0;59339
1;1586;489388;2558;99036;0;248;3;0;22726
1;1587;489619;2558;99036;0;248;3;0;10366
1;1588;489937;2558;99037;0;248;3;0;15308
1;1589;490167;2558;99036;0;248;3;0;62365
1;1590;490487;2558;99035;0;248;3;0;30720
1;1591;490718;2558;99034;0;248;3;0;48441
1;1592;490943;2558;99033;0;248;3;0;37666
1;1593;491367;2558;99033;0;248;3;0;7241
1;1594;491702;2558;99034;0;248;3;0;2049
1;1595;491928;2558;99036;0;248;3;0;22160
1;1596;492352;2558;99038;0;248;3;0;40264
1;1597;492683;2558;99038;0;248;3;0;5618
1;1598;492913;2558;99038;0;248;3;0;49933
1;1599;493337;2558;99038;0;248;3;0;40557
1;1600;493563;2558;99038;0;248;3;0;12309
1;1601;493899;2557;99038;0;248;3;0;8858
1;1602;494324;2557;99037;0;248;3;0;59288
1;1603;494554;2557;99038;0;248;3;0;12295
1;1604;494869;2558;99038;0;248;3;0;30900
1;1605;495099;2558;99039;0;248;3;0;12208
1;1606;495325;2558;99039;0;248;3;0;60339
1;1607;495641;2558;99039;0;248;3;0;3100
1;1608;495955;2557;99038;0;248;3;0;50981
1;1609;496307;2557;99039;0;248;3;0;40240
1;1610;496630;2557;99038;0;248;3;0;46131
1;1611;496944;2557;99038;0;248;3;0;16599
1;1612;497296;2557;99039;0;248;3;0;34502
1;1613;497611;2558;99038;0;248;3;0;14114
1;1614;497941;2558;99039;0;248;3;0;16132
1;1615;498277;2558;99038;0;248;3;0;35608
1;1616;498600;2557;99037;0;248;3;0;21097
1;1617;498826;2558;99038;0;248;3;0;20080
1;1618;499246;2557;99038;0;248;3;0;15422
1;1619;499480;2557;99037;0;248;3;0;29360
1;1620;499706;2557;99037;0;248;3;0;56677
1;1621;500020;2557;99038;0;248;3;0;41712
1;1622;500336;2557;99038;0;248;3;0;817
1;1623;500582;2557;99037;0;248;3;0;29117
1;1624;500901;2557;99037;0;248;3;0;2601
1;1625;501217;2558;99038;0;248;3;0;61633
1;1626;501443;2557;99038;0;248;3;0;47343
1;1627;501675;2557;99038;0;248;3;0;3522
1;1628;501994;2557;99038;0;248;3;0;9761
1;1629;502325;2557;99038;0;248;3;0;56292
1;1630;502664;2557;99038;0;248;3;0;1969
1;1631;502983;2557;99038;0;248;3;0;15499
1;1632;503212;2558;99038;0;248;3;0;21500
1;1633;503527;2557;99037;0;248;3;0;7363
1;1634;503757;2558;99037;0;248;3;0;37780
1;1635;504193;2558;99037;0;248;3;0;803
1;1636;504509;2558;99038;0;248;3;0;20240
1;1637;504843;2558;99038;0;248;3;0;57843
1;1638;505178;2558;99039;0;248;3;0;38265
1;1639;505494;2558;99038;0;248;3;0;14326
1;1640;505827;2558;99040;0;248;3;0;37027
1;1641;506178;2558;99041;0;248;3;0;39715
1;1642;506494;2558;99043;0;248;3;0;18246
1;1643;506720;2558;99045;0;248;3;0;15316
1;1644;507163;2558;99048;0;248;3;0;1729
1;1645;507479;2558;99051;0;248;3;0;62709
1;1646;507705;2558;99053;0;248;3;0;32383
1;1647;508146;2558;99055;0;248;3;0;44741
1;1648;508477;2558;99056;0;248;3;0;55148
1;1649;508792;2558;99056;0;248;3;0;35385
1;1650;509111;2558;99057;0;248;3;0;13661
1;1651;509361;2559;99057;0;248;3;0;25673
1;1652;509677;2559;99057;0;248;3;0;5254
1;1653;510100;2559;99057;0;248;3;0;54866
1;1654;510347;2559;99058;0;248;3;0;40755
1;1655;510662;2559;99060;0;248;3;0;62699
1;1656;511097;2559;99062;0;248;3;0;6519
1;1657;511443;2559;99065;0;248;3;0;36513
1;1658;511762;2559;99067;0;248;3;0;33941
1;1659;512096;2559;99070;0;248;3;0;62039
1;1660;512412;2559;99072;0;248;3;0;252
1;1661;512642;2559;99073;0;248;3;0;5562
1;1662;512867;2559;99074;0;247;3;0;30321
1;1663;513183;2559;99074;0;247;3;0;44646
1;1664;513498;2559;99074;0;247;3;0;33879
1;1665;513748;2559;99074;0;247;3;0;22361
1;1666;514067;2559;99074;0;247;3;0;3781
1;1667;514383;2559;99076;0;247;3;0;11159
1;1668;514609;2559;99076;0;248;3;0;9063
1;1669;514839;2559;99077;0;248;3;0;54107
1;1670;515162;2559;99079;0;248;3;0;50441
1;1671;515494;2559;99083;0;248;3;0;11884
1;1672;515833;2559;99086;0;248;3;0;30389
1;1673;516149;2559;99089;0;248;3;0;36368
1;1674;516374;2558;99091;0;247;3;0;55609
1;1675;516689;2558;99094;0;247;3;0;27855
1;1676;517025;2558;99096;0;247;3;0;1921
1;1677;517251;2558;99097;0;247;3;0;29838
1;1678;517570;2558;99097;0;247;3;0;50764
1;1679;518013;2558;99098;0;247;3;0;1909
1;1680;518240;2558;99099;0;247;3;0;63009
1;1681;518558;2558;99100;0;247;3;0;59124
1;1682;518994;2558;99101;0;10487;3;0;62157
1;1683;519225;2558;99102;0;10487;3;0;52871
1;1684;519540;2558;99104;0;10487;3;0;23807
1;1685;519975;2558;99107;0;247;3;0;24541
1;1686;520210;2558;99109;0;247;3;0;63312
1;1687;520525;2558;99111;0;247;3;0;45667
1;1688;520751;2558;99113;0;247;3;0;50871
1;1689;521066;2558;99115;0;247;3;0;15185
1;1690;521297;2558;99117;0;247;3;0;17423
1;1691;521635;2558;99118;0;247;3;0;49413
1;1692;521950;2557;99119;0;247;3;0;35526
1;1693;522270;2557;99120;0;247;3;0;54245
1;1694;522516;2557;99121;0;247;3;0;30556
1;1695;522935;2557;99123;0;247;3;0;7313
1;1696;523251;2557;99124;0;247;3;0;23618
1;1697;523499;2556;99124;0;247;3;0;14000
1;1698;523919;2556;99124;0;247;3;0;855
1;1699;524249;2556;99123;0;247;3;0;22680
1;1700;524588;2556;99123;0;247;3;0;62537
1;1701;524908;2556;99124;0;247;3;0;37794
1;1702;525134;2556;99124;0;257;3;0;53287
1;1703;525453;2556;99124;0;257;3;0;57229
1;1704;525684;2556;99123;0;257;3;0;51656
1;1705;526015;2556;99124;0;246;3;0;50731
1;1706;526330;2555;99124;0;246;3;0;64873
1;1707;526649;2555;99124;0;246;3;0;19298
1;1708;526898;2555;99124;0;247;3;0;34135
1;1709;527213;2555;99125;0;247;3;0;47262
1;1710;527528;2554;99123;0;247;3;0;52720
1;1711;527883;2554;99123;0;247;3;0;44714
1;1712;528198;2554;99123;0;247;3;0;12428
1;1713;528514;2554;99122;0;247;3;0;42830
1;1714;528848;2554;99122;0;247;3;0;15019
1;1715;529079;2554;99122;0;247;3;0;14929
1;1716;529398;2554;99122;0;247;3;0;49292
1;1717;529624;2554;99122;0;246;3;0;1283
1;1718;529940;2554;99122;0;246;3;0;31742
1;1719;530171;2554;99122;0;246;3;0;58449
1;1720;530396;2554;99122;0;247;3;0;681
1;1721;530821;2554;99121;0;247;3;0;33925
1;1722;531160;2554;99121;0;247;3;0;44215
1;1723;531386;2554;99120;0;247;3;0;26375
1;1724;531807;2554;99121;0;247;3;0;41614
1;1725;532137;2554;99121;0;267;3;0;40534
1;1726;532368;2554;99121;0;267;3;0;61827
1;1727;532788;2554;99121;0;267;3;0;5182
1;1728;533020;2554;99122;0;247;3;0;50912
1;1729;533355;2554;99121;0;247;3;0;57480
1;1730;533776;2554;99122;0;247;3;0;50936
1;1731;534001;2555;99122;0;247;3;0;63848
1;1732;534320;2554;99121;0;247;3;0;9833
1;1733;534551;2554;99121;0;247;3;0;53184
1;1734;534776;2555;99122;0;247;3;0;49641
1;1735;535095;2555;99122;0;247;3;0;8749
1;1736;535410;2555;99121;0;247;3;0;29628
1;1737;535761;2555;99121;0;247;3;0;14352
1;1738;536076;2555;99121;0;247;3;0;18446
1;1739;536391;2555;99121;0;247;3;0;61447
1;1740;536743;2555;99120;0;247;3;0;64591
1;1741;537061;2555;99121;0;247;3;0;3069
1;1742;537396;2555;99121;0;247;3;0;49019
1;1743;537737;2555;99121;0;247;3;0;3978
1;1744;538052;2556;99121;0;247;3;0;23460
1;1745;538278;2556;99121;0;247;3;0;2100
1;1746;538702;2556;99122;0;247;3;0;57582
1;1747;538932;2556;99121;0;247;3;0;4860
1;1748;539158;2556;99122;0;247;3;0;42386
1;1749;539477;2556;99123;0;247;3;0;17090
1;1750;539792;2556;99122;0;247;3;0;23410
1;1751;540038;2556;99122;0;247;3;0;20740
1;1752;540354;2556;99123;0;247;3;0;61613
1;1753;540673;2556;99124;0;247;3;0;34349
1;1754;540903;2556;99124;0;247;3;0;8815
1;1755;541133;2556;99124;0;247;3;0;52866
1;1756;541453;2557;99125;0;247;3;0;41426
1;1757;541784;2557;99124;0;247;3;0;64116
1;1758;542120;2557;99123;0;247;3;0;41954
1;1759;542436;2557;99121;0;247;3;0;35231
1;1760;542662;2557;99121;0;247;3;0;50875
1;1761;542976;2557;99121;0;247;3;0;9178
1;1762;543207;2557;99121;0;247;3;0;38778
1;1763;543647;2557;99123;0;247;3;0;29864
1;1764;543965;2557;99124;0;247;3;0;22101
1;1765;544300;2558;99126;0;247;3;0;7640
1;1766;544635;2558;99127;0;287;3;0;17547
1;1767;544950;2558;99128;0;287;4;1;33392
1;1768;545281;2558;99129;0;247;4;1;24385
1;1769;545618;2558;99129;0;247;4;1;32345
1;1770;545937;2558;99130;0;247;4;1;42262
1;1771;546163;2558;99130;0;247;4;1;18151
1;1772;546604;2558;99130;0;247;4;1;44842
1;1773;546923;2558;99130;0;247;4;1;645
1;1774;547149;2558;99130;0;247;4;1;34543
1;1775;547589;2559;99130;0;247;4;1;41710
1;1776;547920;2559;99131;0;247;4;1;48427
1;1777;548238;2559;99131;0;247;4;1;47169
1;1778;548554;2559;99132;0;247;4;1;12349
1;1779;548802;2559;99132;0;247;4;1;49430
1;1780;549118;2559;99133;0;247;4;1;55775
1;1781;549538;2559;99133;0;247;4;1;58676
1;1782;549784;2559;99134;0;248;4;1;42692
1;1783;550107;2560;99135;0;248;4;1;37198
1;1784;550543;2560;99136;0;248;4;1;28202
1;1785;550887;2560;99135;0;248;4;1;60326
1;1786;551202;2560;99136;0;248;4;1;41823
1;1787;551534;2560;99136;0;248;4;1;10641
1;1788;551848;2560;99136;0;248;4;1;20970
1;1789;552079;2560;99137;0;248;4;1;29071
1;1790;552304;2561;99137;0;248;4;1;45433
1;1791;552628;2561;99137;0;248;4;1;19631
1;1792;552942;2561;99137;0;248;4;1;32016
1;1793;553188;2561;99138;0;248;4;1;10033
1;1794;553505;2561;99138;0;248;4;1;52798
1;1795;553824;2561;99138;0;248;4;1;53475
1;1796;554049;2561;99137;0;248;4;1;54905
1;1797;554284;2561;99137;0;248;4;1;12350
1;1798;554600;2561;99137;0;248;4;1;37375
1;1799;554930;2562;99138;0;248;4;1;24642
1;1800;555265;2562;99139;0;248;4;1;8249
1;1801;555581;2562;99138;0;248;4;1;10425
1;1802;555807;2562;99138;0;248;4;1;61275
1;1803;556121;2562;99138;0;248;4;1;17299
1;1804;556465;2562;99138;0;248;4;1;58038
1;1805;556691;2562;99138;0;248;4;1;51490
1;1806;557006;2562;99138;0;248;4;1;41337
1;1807;557446;2562;99137;0;248;4;1;51441
1;1808;557676;2563;99137;0;248;4;1;60793
1;1809;557990;2563;99137;0;248;4;1;46490
1;1810;558427;2563;99137;0;248;4;1;31060
1;1811;558662;2563;99137;0;248;4;1;34173
1;1812;558976;2563;99138;0;248;4;1;34300
1;1813;559412;2563;99138;0;10488;4;1;43475
1;1814;559644;2564;99138;0;10488;4;1;17028
1;1815;559959;2564;99138;0;10488;4;1;64141
1;1816;560188;2564;99139;0;248;4;1;41159
1;1817;560505;2564;99138;0;248;4;1;9691
1;1818;560735;2564;99138;0;248;4;1;57816
1;1819;561068;2564;99138;0;248;4;1;3274
1;1820;561288;2564;99138;0;248;4;1;4943
1;1821;561603;2564;99138;0;248;4;1;43846
1;1822;561833;2564;99138;0;248;4;1;54233
1;1823;562059;2564;99139;0;248;4;1;24685
1;1824;562375;2565;99139;0;248;4;1;3019
1;1825;562689;2565;99139;0;248;4;1;32765
1;1826;562938;2565;99139;0;248;4;1;4548
1;1827;563359;2565;99140;0;248;4;1;8244
1;1828;563689;2565;99140;0;248;4;1;35396
1;1829;564027;2565;99140;0;248;4;1;41979
1;1830;564343;2565;99140;0;248;4;1;1528
1;1831;564569;2565;99140;0;248;4;1;43677
1;1832;564884;2565;99140;0;248;4;1;46215
1;1833;565120;2566;99140;0;248;4;1;20624
1;1834;565452;2566;99140;0;248;4;1;33288
1;1835;565767;2566;99140;0;248;4;1;8772
1;1836;566082;2566;99140;0;248;4;1;39697
1;1837;566328;2566;99140;0;248;4;1;53570
1;1838;566643;2566;99140;0;248;4;1;50516
1;1839;566957;2567;99140;0;248;4;1;50484
1;1840;567441;2567;99140;0;248;4;1;26861
1;1841;567761;2567;99141;0;248;4;1;48795
1;1842;568091;2567;99141;0;248;4;1;41514
1;1843;568407;2567;99141;0;248;4;1;43062
1;1844;568637;2567;99141;0;248;4;1;55519
1;1845;568971;2567;99141;0;248;4;1;24266
1;1846;569291;2568;99141;0;248;4;1;15800
1;1847;569626;2568;99141;0;248;4;1;38780
1;1848;569851;2568;99141;0;248;4;1;39345
1;1849;570272;2568;99141;0;248;4;1;55284
1;1850;570587;2568;99140;0;248;4;1;63763
1;1851;570833;2569;99140;0;248;4;1;27807
1;1852;571253;2569;99140;0;248;4;1;39275
1;1853;571588;2569;99140;0;249;4;1;22230
1;1854;571822;2569;99140;0;249;4;1;28192
1;1855;572242;2569;99140;0;249;4;1;40641
1;1856;572468;2570;99140;0;248;4;1;36434
1;1857;572787;2570;99141;0;248;4;1;10890
1;1858;573017;2570;99141;0;248;4;1;10769
1;1859;573352;2570;99141;0;249;4;1;19606
1;1860;573671;2570;99141;0;249;4;1;27423
1;1861;574008;2570;99140;0;249;4;1;20115
1;1862;574234;2571;99140;0;249;4;1;52242
1;1863;574549;2571;99140;0;249;4;1;63272
1;1864;574863;2571;99141;0;249;4;1;7613
1;1865;575216;2571;99141;0;249;4;1;33878
1;1866;575536;2571;99141;0;249;4;1;44900
1;1867;575854;2571;99140;0;249;4;1;33359
1;1868;576205;2572;99140;0;249;4;1;26425
1;1869;576521;2572;99141;0;249;4;1;27216
1;1870;576855;2572;99141;0;249;4;1;13101
1;1871;577170;2572;99141;0;249;4;1;56857
1;1872;577401;2572;99141;0;249;4;1;61049
1;1873;577732;2572;99141;0;249;4;1;27655
1;1874;578156;2572;99141;0;249;4;1;5492
1;1875;578386;2573;99141;0;249;4;1;57715
1;1876;578613;2573;99141;0;249;4;1;34139
1;1877;578928;2573;99141;0;249;4;1;55310
1;1878;579244;2573;99141;0;249;4;1;4310
1;1879;579492;2573;99141;0;249;4;1;57853
1;1880;579807;2573;99141;0;249;4;1;57079
1;1881;580126;2573;99141;0;249;4;1;55407
1;1882;580356;2574;99142;0;249;4;1;3521
1;1883;580587;2574;99141;0;249;4;1;60052
1;1884;580902;2574;99142;0;249;4;1;13500
1;1885;581233;2574;99142;0;249;4;1;5701
1;1886;581549;2574;99142;0;249;4;1;40692
1;1887;581779;2574;99142;0;249;4;1;39856
1;1888;582109;2574;99142;0;249;4;1;21514
1;1889;582428;2574;99142;0;249;4;1;21138
1;1890;582764;2575;99143;0;249;4;1;36640
1;1891;583099;2575;99143;0;249;4;1;7608
1;1892;583415;2575;99143;0;249;4;1;29558
1;1893;583729;2575;99142;0;249;4;1;20062
1;1894;584080;2575;99142;0;249;4;1;18578
1;1895;584402;2575;99143;0;249;4;1;65353
1;1896;584732;2575;99143;0;249;4;1;63619
1;1897;585071;2576;99144;0;249;4;1;47436
1;1898;585387;2576;99144;0;249;4;1;59525
1;1899;585613;2576;99144;0;249;4;1;49392
1;1900;586053;2576;99145;0;249;4;1;57230
1;1901;586368;2577;99145;0;249;4;1;30681
1;1902;586598;2577;99145;0;250;4;1;38253
1;1903;587018;2577;99145;0;250;4;1;2903
1;1904;587251;2577;99145;0;250;4;1;44246
1;1905;587477;2577;99146;0;249;4;1;21218
1;1906;587796;2577;99145;0;249;4;1;4552
1;1907;588112;2578;99145;0;249;4;1;37850
1;1908;588358;2578;99145;0;249;4;1;15813
1;1909;588676;2578;99145;0;249;4;1;57910
1;1910;588991;2578;99145;0;249;4;1;27804
1;1911;589217;2578;99145;0;250;4;1;3880
1;1912;589449;2578;99145;0;250;4;1;63062
1;1913;589764;2578;99145;0;250;4;1;11283
1;1914;589990;2578;99145;0;250;4;1;3440
1;1915;590305;2579;99144;0;250;4;1;60619
1;1916;590538;2579;99145;0;250;4;1;27876
1;1917;590977;2579;99144;0;250;4;1;25659
1;1918;591293;2579;99145;0;250;4;1;32973
1;1919;591524;2579;99145;0;250;4;1;16236
1;1920;591753;2579;99145;0;250;4;1;54859
1;1921;592069;2580;99145;0;250;4;1;2010
1;1922;592384;2580;99145;0;250;4;1;61141
1;1923;592629;2580;99145;0;250;4;1;51631
1;1924;592949;2580;99146;0;250;4;1;50173
1;1925;593264;2580;99146;0;250;4;1;40616
1;1926;593490;2580;99146;0;250;4;1;6435
1;1927;593721;2580;99146;0;250;4;1;40232
1;1928;594036;2581;99146;0;250;4;1;33796
1;1929;594371;2581;99145;0;250;4;1;10848
1;1930;594686;2581;99145;0;250;4;1;18004
1;1931;594920;2581;99144;0;250;4;1;37995
1;1932;595251;2581;99145;0;250;4;1;38589
1;1933;595569;2581;99145;0;250;4;1;63791
1;1934;595905;2582;99144;0;250;4;1;59116
1;1935;596130;2582;99144;0;250;4;1;13513
1;1936;596446;2582;99144;0;250;4;1;38926
1;1937;596870;2582;99145;0;250;4;1;16164
1;1938;597120;2582;99144;0;10490;4;1;11571
1;1939;597435;2582;99144;0;10490;4;1;53053
1;1940;597871;2582;99144;0;250;4;1;53827
1;1941;598105;2582;99144;0;250;4;1;20503
1;1942;598420;2582;99144;0;250;4;1;54853
1;1943;598856;2583;99144;0;250;4;1;24517
1;1944;599194;2583;99144;0;250;4;1;10930
1;1945;599513;2583;99143;0;250;4;1;40600
1;1946;599844;2583;99144;0;250;4;1;22967
1;1947;600159;2583;99144;0;250;4;1;4739
1;1948;600389;2583;99144;0;250;4;1;14445
1;1949;600615;2584;99144;0;250;4;1;43695
1;1950;600931;2584;99143;0;250;4;1;49204
1;1951;601250;2584;99142;0;250;4;1;13843
1;1952;601496;2584;99142;0;250;4;1;57382
1;1953;601810;2584;99142;0;250;4;1;2212
1;1954;602129;2584;99142;0;250;4;1;12730
1;1955;602355;2584;99142;0;250;4;1;31343
1;1956;602586;2584;99142;0;250;4;1;17316
1;1957;602905;2585;99142;0;250;4;1;8603
1;1958;603130;2585;99142;0;250;4;1;54963
1;1959;603445;2585;99141;0;250;4;1;52575
1;1960;603783;2585;99141;0;250;4;1;31996
1;1961;604009;2585;99142;0;250;4;1;9071
1;1962;604325;2585;99142;0;250;4;1;25825
1;1963;604766;2585;99141;0;250;4;1;40532
1;1964;604992;2586;99142;0;250;4;1;16493
1;1965;605306;2586;99141;0;250;4;1;2752
1;1966;605772;2586;99142;0;250;4;1;28
1;1967;606087;2586;99143;0;250;4;1;36948
1;1968;606402;2586;99143;0;250;4;1;45418
1;1969;606737;2586;99142;0;250;4;1;20606
1;1970;606967;2586;99141;0;250;4;1;36038
1;1971;607283;2587;99141;0;250;4;1;7301
1;1972;607508;2587;99141;0;250;4;1;49170
1;1973;607827;2587;99141;0;250;4;1;64746
1;1974;608057;2587;99141;0;250;4;1;50204
1;1975;608388;2587;99140;0;250;4;1;48417
1;1976;608708;2587;99141;0;250;4;1;8041
1;1977;609042;2587;99141;0;250;4;1;30046
1;1978;609269;2587;99142;0;20733;4;1;44011
1;1979;609693;2587;99142;0;20733;4;1;30297
1;1980;610011;2588;99142;0;20733;4;1;29771
1;1981;610261;2588;99142;0;5370;4;1;9365
1;1982;610682;2588;99142;0;5370;4;1;40213
1;1983;611012;2588;99142;0;250;4;1;19782
1;1984;611243;2588;99142;0;250;4;1;28520
1;1985;611663;2588;99142;0;250;4;1;34378
1;1986;611889;2588;99142;0;250;4;1;41820
1;1987;612208;2589;99142;0;250;4;1;63714
1;1988;612440;2589;99141;0;250;4;1;30735
1;1989;612771;2589;99142;0;250;4;1;27383
1;1990;613089;2589;99142;0;250;4;1;43386
1;1991;613429;2589;99142;0;250;4;1;25179
1;1992;613655;2589;99142;0;250;4;1;32152
1;1993;613969;2589;99142;0;250;4;1;20866
1;1994;614288;2589;99142;0;250;4;1;4936
1;1995;614640;2590;99142;0;250;4;1;23280
1;1996;614955;2589;99141;0;250;4;1;47074
1;1997;615269;2589;99141;0;250;4;1;23681
