flag; num; time_ms; gps_time_s; gps_time_us; lat; lon; alt; angle; lat_base; lon_base; fix; crc
32;37;36796;60844;0;55.910854;37.805027;94.800003;27.969303;55.910927;37.805096;6;26843;
32;38;37791;60845;0;55.910854;37.805027;94.800003;27.969303;55.910927;37.805096;6;46053;
32;39;38783;60846;0;55.910854;37.805027;94.800003;27.969303;55.910927;37.805096;6;50162;
32;40;39772;60847;0;55.910854;37.805027;94.800003;27.969303;55.910927;37.805096;6;4935;
32;41;40790;60847;0;55.910889;37.805016;98.599998;49.648510;55.910927;37.805096;1;26434;
32;42;41780;60849;0;55.910889;37.805016;98.599998;49.648510;55.910927;37.805096;6;46909;
32;43;42753;60850;0;55.910889;37.805016;98.599998;49.648510;55.910927;37.805096;6;26642;
32;44;43751;60851;0;55.910889;37.805016;98.599998;49.648510;55.910927;37.805096;6;44784;
32;45;44740;60852;0;55.910851;37.804977;99.800003;40.982128;55.910927;37.805096;1;62158;
32;46;45733;60853;0;55.910843;37.804977;99.599998;38.302853;55.910927;37.805096;1;56995;
32;47;46733;60854;0;55.910843;37.804977;99.599998;38.302853;55.910927;37.805096;6;911;
32;48;47721;60855;0;55.910843;37.804977;99.599998;38.302853;55.910927;37.805096;6;31496;
32;49;48734;60856;0;55.910843;37.804977;99.599998;38.302853;55.910927;37.805096;6;26054;
32;50;49722;60857;0;55.910778;37.804970;99.800003;25.373116;55.910927;37.805096;6;41187;
32;51;50715;60858;0;55.910778;37.804970;99.800003;25.373116;55.910927;37.805096;6;11228;
32;52;51713;60859;0;55.910778;37.804970;99.800003;25.373116;55.910927;37.805096;6;14124;
32;53;52685;60860;0;55.910778;37.804970;99.800003;25.373116;55.910927;37.805096;6;25253;
32;54;53678;60861;0;55.910625;37.805340;171.100006;24.421328;55.910927;37.805096;1;22009;
32;55;54674;60862;0;55.910618;37.805340;171.300003;23.885979;55.910927;37.805096;1;53766;
32;56;55663;60863;0;55.910614;37.805340;171.600006;23.627161;55.910927;37.805096;1;28588;
32;57;56672;60864;0;55.910610;37.805344;171.899994;23.698017;55.910927;37.805096;1;20004;
32,58;57669;60865;0;55.910603;37.805344;172.100006;23.200104;55.910927;37.805096;1;31633;
32;59;58662;60866;0;55.910606;37.805347;172.699997;23.767330;55.910927;37.805096;1;31019;
32;60;59656;60867;0;55.910603;37.805347;172.600006;23.518684;55.910927;37.805096;1;56794;
32;61;60648;60868;0;55.910595;37.805347;172.699997;23.518684;55.910927;37.805096;1;21031;
32;62;61641;60869;0;55.910583;37.805351;172.600006;23.034826;55.910927;37.805096;1;40999;
32;63;62617;60870;0;55.910576;37.805355;172.100006;22.648304;55.910927;37.805096;1;44156;
32;64;63610;60871;0;55.910564;37.805355;171.399994;22.503038;55.910927;37.805096;1;34429;
32;65;64618;60872;0;55.910557;37.805359;171.000000;21.860163;55.910927;37.805096;1;15214;
32;66;65610;60873;0;55.910549;37.805359;170.600006;21.736937;55.910927;37.805096;1;25475;
32;67;66599;60874;0;55.910538;37.805363;170.399994;21.337755;55.910927;37.805096;1;12746;
32;68;67595;60875;0;55.910526;37.805363;169.600006;21.039263;55.910927;37.805096;1;59393;
32;69;68586;60876;0;55.910515;37.805359;168.800003;20.488337;55.910927;37.805096;1;62066;
32;70;69582;60877;0;55.910503;37.805351;167.600006;19.701651;55.910927;37.805096;1;20619;
32;71;70574;60878;0;55.910496;37.805336;166.000000;18.691332;55.910927;37.805096;1;32981;
32;72;71570;60879;0;55.910488;37.805328;165.199997;17.353083;55.910927;37.805096;1;5608;
32;73;72557;60879;0;55.910488;37.805328;165.199997;16.557209;55.910927;37.805096;1;24145;
32;74;73550;60881;0;55.910473;37.805325;164.300003;16.036041;55.910927;37.805096;1;29360;
32;75;74547;60882;0;55.910473;37.805328;164.000000;15.780478;55.910927;37.805096;1;33492;
32;76;75538;60882;0;55.910473;37.805328;164.000000;16.029789;55.910927;37.805096;1;48127;
32;77;76531;60883;0;55.910469;37.805336;163.899994;16.396931;55.910927;37.805096;1;24733;
32;78;77523;60884;0;55.910469;37.805340;163.800003;16.643063;55.910927;37.805096;1;1272;
32;79;78513;60885;0;55.910461;37.805344;163.300003;16.626553;55.910927;37.805096;1;34385;
32;80;79510;60886;0;55.910458;37.805347;162.399994;16.738600;55.910927;37.805096;1;39123;
32;81;80522;60887;0;55.910446;37.805355;162.699997;16.829649;55.910927;37.805096;1;47959;
32;82;81511;60888;0;55.910431;37.805359;162.699997;16.567118;55.910927;37.805096;1;4934;
32;83;82483;60889;0;55.910416;37.805359;162.399994;16.098721;55.910927;37.805096;1;27444;
32;84;83478;60890;0;55.910404;37.805355;162.100006;15.546547;55.910927;37.805096;1;100;
32;85;84468;60891;0;55.910393;37.805351;161.800003;15.015023;55.910927;37.805096;1;60482;
32;86;85465;60892;0;55.910385;37.805347;161.699997;14.601773;55.910927;37.805096;1;55820;
32;87;86461;60893;0;55.910374;37.805344;162.199997;14.103837;55.910927;37.805096;1;10248;
32;88;87457;60894;0;55.910362;37.805347;163.300003;14.033087;55.910927;37.805096;1;44488;
32;89;88464;60895;0;55.910355;37.805351;164.100006;14.055282;55.910927;37.805096;1;64963;
32;90;89452;60896;0;55.910343;37.805359;165.399994;14.185424;55.910927;37.805096;1;39704;
32;91;90448;60897;0;55.910332;37.805370;166.500000;14.503682;55.910927;37.805096;1;18861;
32;92;91445;60898;0;55.910320;37.805382;167.899994;14.809022;55.910927;37.805096;1;57743;
32;93;92413;60899;0;55.910313;37.805393;169.500000;15.191716;55.910927;37.805096;1;42614;
32;94;93409;60900;0;55.910301;37.805405;170.699997;15.473236;55.910927;37.805096;1;58970;
32;95;94398;60901;0;55.910290;37.805416;171.699997;15.744227;55.910927;37.805096;1;28580;
32;96;95387;60902;0;55.910278;37.805424;172.000000;15.830064;55.910927;37.805096;1;48241;
32;97;96401;60903;0;55.910263;37.805431;172.699997;15.826025;55.910927;37.805096;1;9499;
32;98;97393;60904;0;55.910252;37.805435;172.399994;15.739195;55.910927;37.805096;1;50942;
32;99;98390;60905;0;55.910240;37.805447;173.000000;15.985380;55.910927;37.805096;1;5424;
32;100;99381;60906;0;55.910229;37.805470;174.300003;16.707151;55.910927;37.805096;1;11322;
32;101;100371;60907;0;55.910217;37.805481;174.699997;16.927521;55.910927;37.805096;1;31349;
32;102;101367;60908;0;55.910206;37.805485;174.800003;16.829657;55.910927;37.805096;1;50623;
32;103;102336;60909;0;55.910194;37.805492;175.300003;16.888126;55.910927;37.805096;1;42245;
32;104;103331;60910;0;55.910179;37.805504;176.199997;17.012934;55.910927;37.805096;1;41289;
32;105;104342;60911;0;55.910168;37.805508;176.899994;16.918777;55.910927;37.805096;1;45920;
32;106;105331;60912;0;55.910152;37.805511;177.300003;16.749081;55.910927;37.805096;1;55207;
32;107;106324;60913;0;55.910141;37.805515;177.800003;16.661770;55.910927;37.805096;1;60470;
32;108;107320;60914;0;55.910130;37.805523;178.800003;16.717789;55.910927;37.805096;1;64040;
32;109;108314;60915;0;55.910118;37.805527;179.300003;16.633333;55.910927;37.805096;1;37855;
32;110;109310;60916;0;55.910107;37.805534;179.600006;16.688305;55.910927;37.805096;1;37258;
32;111;110300;60917;0;55.910099;37.805542;180.199997;16.814501;55.910927;37.805096;1;861;
32;112;111304;60918;0;55.910091;37.805550;180.600006;16.938328;55.910927;37.805096;1;60014;
32;113;112291;60919;0;55.910084;37.805550;181.199997;16.793812;55.910927;37.805096;1;23569;
32;114;113280;60920;0;55.910076;37.805553;181.699997;16.783535;55.910927;37.805096;1;24812;
32;115;114277;60921;0;55.910069;37.805553;182.100006;16.642698;55.910927;37.805096;1;3895;
32;116;115275;60922;0;55.910065;37.805557;182.399994;16.703556;55.910927;37.805096;1;44198;
32;117;116264;60923;0;55.910057;37.805565;183.100006;16.823439;55.910927;37.805096;1;38178;
32;118;117256;60924;0;55.910049;37.805569;183.699997;16.813375;55.910927;37.805096;1;22994;
32;119;118249;60925;0;55.910042;37.805569;184.100006;16.676497;55.910927;37.805096;1;49526;
32;120;119248;60926;0;55.910034;37.805565;184.399994;16.415682;55.910927;37.805096;1;34367;
32;121;120256;60927;0;55.910023;37.805576;185.600006;16.592855;55.910927;37.805096;1;1116;
32;122;121245;60928;0;55.910015;37.805588;186.500000;16.831497;55.910927;37.805096;1;41422;
32;123;122217;60929;0;55.910000;37.805595;186.899994;16.812347;55.910927;37.805096;1;3345;
32;124;123215;60930;0;55.909988;37.805595;186.000000;16.618664;55.910927;37.805096;1;56710;
32;125;124204;60931;0;55.909973;37.805595;185.600006;16.367071;55.910927;37.805096;1;4124;
32;126;125201;60932;0;55.909958;37.805599;185.100006;16.239376;55.910927;37.805096;1;14832;
32;127;126194;60933;0;55.909946;37.805603;184.699997;16.175112;55.910927;37.805096;1;22699;
32;128;127190;60934;0;55.909935;37.805603;184.199997;15.997990;55.910927;37.805096;1;19637;
32;129;128198;60935;0;55.909924;37.805607;184.000000;15.937712;55.910927;37.805096;1;20015;
32;130;129186;60936;0;55.909908;37.805595;183.899994;15.375863;55.910927;37.805096;1;35119;
32;131;130180;60937;0;55.909901;37.805588;183.800003;15.044346;55.910927;37.805096;1;54844;
32;132;131180;60938;0;55.909889;37.805584;184.000000;14.775638;55.910927;37.805096;1;59912;
32;133;132149;60939;0;55.909878;37.805584;183.800003;14.621325;55.910927;37.805096;1;620;
32;134;133140;60940;0;55.909866;37.805595;186.500000;14.794678;55.910927;37.805096;1;57731;
32;135;134132;60941;0;55.909859;37.805584;186.800003;14.371169;55.910927;37.805096;1;3673;
32;136;135127;60942;0;55.909855;37.805573;187.199997;13.999780;55.910927;37.805096;1;31711;
32;137;136135;60943;0;55.909851;37.805557;187.000000;13.522241;55.910927;37.805096;1;48622;
32;138;137128;60944;0;55.909843;37.805550;186.899994;13.216315;55.910927;37.805096;1;57011;
32;139;138121;60945;0;55.909836;37.805546;187.300003;13.020640;55.910927;37.805096;1;33217;
32;140;139117;60946;0;55.909832;37.805546;187.600006;12.976808;55.910927;37.805096;1;24260;
32;141;140109;60947;0;55.909828;37.805550;188.000000;13.039119;55.910927;37.805096;1;21235;
32;142;141098;60948;0;55.909824;37.805550;187.899994;12.995542;55.910927;37.805096;1;53527;
32;143;142074;60949;0;55.909821;37.805553;187.899994;13.057391;55.910927;37.805096;1;20410;
32;144;143072;60950;0;55.909817;37.805553;187.800003;13.014069;55.910927;37.805096;1;49888;
32;145;144076;60951;0;55.909805;37.805565;187.699997;13.196676;55.910927;37.805096;1;9481;
32;146;145069;60952;0;55.909798;37.805565;188.100006;13.110610;55.910927;37.805096;1;51882;
32;147;146061;60953;0;55.909790;37.805553;186.600006;12.718412;55.910927;37.805096;1;24384;
32;148;147059;60954;0;55.909782;37.805546;186.100006;12.432418;55.910927;37.805096;1;60151;
32;149;148052;60955;0;55.909782;37.805550;186.100006;12.534436;55.910927;37.805096;1;13932;
32;150;149040;60956;0;55.909779;37.805550;186.100006;12.494102;55.910927;37.805096;1;21832;
32;151;150033;60957;0;55.909771;37.805546;186.100006;12.312973;55.910927;37.805096;1;63643;
32;152;151030;60958;0;55.909771;37.805546;186.000000;12.312973;55.910927;37.805096;1;15879;
32;153;152014;60959;0;55.909767;37.805542;185.800003;12.172799;55.910927;37.805096;1;54333;
32;154;153014;60960;0;55.909767;37.805538;185.699997;12.071909;55.910927;37.805096;1;51293;
32;155;154005;60961;0;55.909771;37.805534;185.699997;12.009114;55.910927;37.805096;1;40807;
32;156;154998;60962;0;55.909771;37.805527;185.300003;11.806227;55.910927;37.805096;1;45277;
32;157;155994;60963;0;55.909771;37.805511;184.800003;11.399447;55.910927;37.805096;1;12882;
32;158;156983;60964;0;55.909771;37.805492;184.100006;10.889259;55.910927;37.805096;1;35996;
32;159;157975;60965;0;55.909767;37.805470;183.800003;10.241824;55.910927;37.805096;1;34575;
32;160;158975;60966;0;55.909760;37.805447;184.600006;9.565142;55.910927;37.805096;1;43819;
32;161;159979;60967;0;55.909760;37.805428;184.600006;9.054152;55.910927;37.805096;1;49762;
32;162;160972;60968;0;55.909760;37.805412;184.300003;8.644272;55.910927;37.805096;1;47748;
32;163;161944;60969;0;55.909760;37.805397;184.000000;8.233527;55.910927;37.805096;1;36987;
32;164;162937;60970;0;55.909760;37.805386;183.699997;7.924937;55.910927;37.805096;1;65348;
32;165;163937;60971;0;55.909756;37.805374;183.300003;7.591317;55.910927;37.805096;1;31586;
32;166;164926;60972;0;55.909756;37.805359;182.800003;7.179845;55.910927;37.805096;1;55971;
32;167;165920;60973;0;55.909748;37.805340;182.699997;6.621631;55.910927;37.805096;1;33593;
32;168;166917;60974;0;55.909744;37.805321;182.300003;6.088779;55.910927;37.805096;1;51556;
32;169;167921;60975;0;55.909737;37.805294;182.399994;5.336714;55.910927;37.805096;1;28648;
32;170;168913;60976;0;55.909733;37.805271;182.300003;4.708794;55.910927;37.805096;1;11802;
32;171;169920;60977;0;55.909733;37.805252;182.500000;4.198710;55.910927;37.805096;1;48599;
32;172;170912;60978;0;55.909740;37.805237;182.600006;3.815035;55.910927;37.805096;1;54959;
32;173;171888;60979;0;55.909752;37.805229;182.300003;3.644489;55.910927;37.805096;1;1455;
32;174;172877;60980;0;55.909760;37.805214;182.300003;3.249947;55.910927;37.805096;1;64641;
32;175;173873;60981;0;55.909760;37.805191;182.399994;2.622040;55.910927;37.805096;1;19779;
32;176;174873;60982;0;55.909782;37.805176;177.399994;2.247434;55.910927;37.805096;1;54844;
32;177;175877;60983;0;55.909782;37.805153;176.699997;1.605393;55.910927;37.805096;1;51929;
32;178;176871;60984;0;55.909786;37.805134;175.399994;1.074137;55.910927;37.805096;1;48897;
32;179;177874;60985;0;55.909786;37.805115;174.699997;0.538096;55.910927;37.805096;1;43566;
32;180;178866;60986;0;55.909786;37.805096;173.800003;0.051304;55.910927;37.805096;1;59794;
32;181;179862;60987;0;55.909786;37.805077;173.100006;0.538096;55.910927;37.805096;1;52732;
32;182;180856;60988;0;55.909782;37.805061;172.300003;0.964595;55.910927;37.805096;1;17520;
32;183;181828;60989;0;55.909782;37.805050;171.699997;1.284497;55.910927;37.805096;1;4182;
32;184;182824;60990;0;55.909782;37.805038;171.300003;1.605393;55.910927;37.805096;1;24189;
32;185;183828;60991;0;55.909782;37.805019;171.000000;2.140209;55.910927;37.805096;1;44446;
32;186;184825;60992;0;55.909779;37.804993;171.600006;2.878301;55.910927;37.805096;1;38505;
32;187;185814;60993;0;55.909779;37.804966;171.600006;3.622700;55.910927;37.805096;1;50749;
32;188;186810;60994;0;55.909775;37.804939;171.600006;4.351367;55.910927;37.805096;1;60896;
32;189;187806;60995;0;55.909775;37.804913;171.300003;5.090635;55.910927;37.805096;1;45797;
32;190;188794;60996;0;55.909779;37.804886;170.800003;5.847495;55.910927;37.805096;1;27662;
32;191;189783;60997;0;55.909782;37.804867;170.899994;6.395947;55.910927;37.805096;1;18189;
32;192;190782;60998;0;55.909782;37.804840;171.600006;7.134927;55.910927;37.805096;1;43796;
32;193;191769;60999;0;55.909782;37.804813;171.899994;7.871445;55.910927;37.805096;1;64011;
32;194;192765;61000;0;55.909775;37.804783;172.100006;8.653085;55.910927;37.805096;1;1743;
32;195;193754;61001;0;55.909756;37.804752;173.300003;9.330994;55.910927;37.805096;1;37701;
32;196;194747;61002;0;55.909748;37.804726;172.899994;9.978756;55.910927;37.805096;1;9464;
32;197;195744;61003;0;55.909737;37.804688;173.300003;10.880465;55.910927;37.805096;1;54693;
32;198;196733;61004;0;55.909733;37.804653;173.600006;11.734496;55.910927;37.805096;1;2265;
32;199;197725;61005;0;55.909771;37.804649;168.000000;12.211756;55.910927;37.805096;1;29989;
32;200;198725;61006;0;55.909782;37.804634;166.800003;12.738256;55.910927;37.805096;1;54106;
32;201;199729;61007;0;55.909790;37.804623;165.699997;13.127836;55.910927;37.805096;1;23195;
32;202;200721;61008;0;55.909798;37.804611;164.699997;13.521518;55.910927;37.805096;1;32939;
32;203;201694;61009;0;55.909801;37.804607;163.800003;13.668497;55.910927;37.805096;1;24868;
32;204;202686;61010;0;55.909809;37.804604;163.100006;13.861633;55.910927;37.805096;1;47853;
32;205;203680;61011;0;55.909813;37.804600;162.699997;14.010860;55.910927;37.805096;1;11464;
32;206;204676;61012;0;55.909817;37.804596;161.899994;14.160888;55.910927;37.805096;1;4152;
32;207;205669;61013;0;55.909821;37.804588;160.399994;14.415706;55.910927;37.805096;1;9055;
32;208;206665;61014;0;55.909824;37.804585;159.699997;14.567595;55.910927;37.805096;1;33603;
32;209;207670;61015;0;55.909813;37.804577;161.000000;14.630385;55.910927;37.805096;1;48467;
32;210;208665;61016;0;55.909805;37.804573;161.899994;14.637314;55.910927;37.805096;1;12321;
32;211;209658;61017;0;55.909798;37.804565;163.000000;14.637314;55.910927;37.805096;1;57176;
32;212;210651;61018;0;55.909794;37.804562;163.399994;14.745749;55.910927;37.805096;1;41630;
32;213;211624;61019;0;55.909790;37.804558;163.800003;14.799425;55.910927;37.805096;1;64815;
32;214;212616;61020;0;55.909786;37.804554;163.899994;14.852630;55.910927;37.805096;1;12162;
32;215;213605;61021;0;55.909782;37.804531;164.800003;14.905540;55.910927;37.805096;1;41219;
32;216;214603;61022;0;55.909779;37.804512;165.699997;15.456374;55.910927;37.805096;1;56219;
32;217;215611;61023;0;55.909779;37.804493;166.600006;15.902031;55.910927;37.805096;1;23932;
32;218;216604;61024;0;55.909775;37.804478;167.199997;16.394197;55.910927;37.805096;1;50791;
32;219;217598;61025;0;55.909782;37.804466;167.800003;16.733711;55.910927;37.805096;1;6444;
32;220;218592;61026;0;55.909790;37.804455;168.600006;17.132681;55.910927;37.805096;1;31;
32;221;219588;61027;0;55.909794;37.804440;169.899994;17.535240;55.910927;37.805096;1;57267;
32;222;220579;61028;0;55.909798;37.804436;170.800003;17.982832;55.910927;37.805096;1;36715;
32;223;221552;61029;0;55.909798;37.804436;173.000000;18.137671;55.910927;37.805096;1;50954;
32;224;222544;61030;0;55.909798;37.804436;175.500000;18.137671;55.910927;37.805096;1;53373;
32;225;223552;61031;0;55.909801;37.804436;176.500000;18.137671;55.910927;37.805096;1;26005;
32;226;224545;61032;0;55.909805;37.804443;175.800003;18.195082;55.910927;37.805096;1;36484;
32;227;225539;61033;0;55.909805;37.804451;176.699997;18.055635;55.910927;37.805096;1;37350;
32;228;226534;61033;0;55.909805;37.804451;176.699997;17.857925;55.910927;37.805096;1;49826;
32;229;227526;61034;0;55.909805;37.804451;177.600006;17.857925;55.910927;37.805096;1;1283;
32;230;228519;61035;0;55.909809;37.804455;178.199997;17.815699;55.910927;37.805096;1;2960;
32;231;229511;61036;0;55.909809;37.804455;179.399994;17.815699;55.910927;37.805096;1;59984;
32;232;230507;61037;0;55.909809;37.804455;180.000000;17.815699;55.910927;37.805096;1;1273;
32;233;231494;61038;0;55.909813;37.804455;180.600006;17.872864;55.910927;37.805096;1;1409;
32;234;232513;61039;0;55.909813;37.804447;181.300003;18.071898;55.910927;37.805096;1;59746;
32;235;233473;61040;0;55.909813;37.804443;181.899994;18.171207;55.910927;37.805096;1;28720;
32;236;234470;61041;0;55.909821;37.804440;182.300003;18.388000;55.910927;37.805096;1;19914;
32;237;235463;61042;0;55.909828;37.804443;183.000000;18.406689;55.910927;37.805096;1;56951;
32;238;236455;61043;0;55.909828;37.804440;184.100006;18.507011;55.910927;37.805096;1;28672;
32;239;237449;61044;0;55.909840;37.804440;183.100006;18.688412;55.910927;37.805096;1;6803;
32;240;238444;61045;0;55.909866;37.804447;179.100006;18.918667;55.910927;37.805096;1;27774;
32;241;239428;61046;0;55.909878;37.804451;178.800003;19.005798;55.910927;37.805096;1;760;
32;242;240425;61047;0;55.909885;37.804459;179.500000;18.924713;55.910927;37.805096;1;62348;
32;243;241415;61048;0;55.909904;37.804459;179.199997;19.251968;55.910927;37.805096;1;18760;
32;244;242415;61049;0;55.909920;37.804462;179.300003;19.413654;55.910927;37.805096;1;3817;
32;245;243407;61050;0;55.909939;37.804462;179.199997;19.759626;55.910927;37.805096;1;28741;
32;246;244396;61051;0;55.909962;37.804462;177.899994;20.190813;55.910927;37.805096;1;39319;
32;247;245389;61052;0;55.909954;37.804459;179.100006;20.156206;55.910927;37.805096;1;8194;
32;248;246385;61053;0;55.909954;37.804459;179.300003;20.156206;55.910927;37.805096;1;56101;
32;249;247395;61054;0;55.909954;37.804459;179.399994;20.156206;55.910927;37.805096;1;65250;
32;250;248390;61055;0;55.909958;37.804470;179.699997;19.894428;55.910927;37.805096;1;63138;
32;251;249359;61056;0;55.909958;37.804470;179.899994;19.894428;55.910927;37.805096;1;60213;
32;252;250351;61057;0;55.909958;37.804466;180.199997;20.006121;55.910927;37.805096;1;21698;
32;253;251346;61058;0;55.909954;37.804462;180.899994;20.045168;55.910927;37.805096;1;42180;
32;254;252336;61059;0;55.909958;37.804470;181.399994;19.894428;55.910927;37.805096;1;28524;
32;255;253336;61060;0;55.909966;37.804474;181.800003;19.927290;55.910927;37.805096;1;34002;
32;256;254328;61061;0;55.909977;37.804470;182.300003;20.261713;55.910927;37.805096;1;6735;
32;257;255333;61062;0;55.909988;37.804462;182.699997;20.717167;55.910927;37.805096;1;19395;
32;258;256330;61063;0;55.910004;37.804455;183.300003;21.260750;55.910927;37.805096;1;35747;
32;259;257319;61064;0;55.910015;37.804451;183.800003;21.619537;55.910927;37.805096;1;65129;
32;260;258328;61065;0;55.910030;37.804447;184.399994;22.070299;55.910927;37.805096;1;13535;
32;261;259305;61066;0;55.910042;37.804447;184.899994;22.327803;55.910927;37.805096;1;52509;
32;262;260293;61067;0;55.910049;37.804447;185.199997;22.502626;55.910927;37.805096;1;49442;
32;263;261291;61068;0;55.910061;37.804447;186.000000;22.769838;55.910927;37.805096;1;4344;
32;264;262284;61069;0;55.910069;37.804443;186.600006;23.072340;55.910927;37.805096;1;51286;
32;265;263290;61070;0;55.910076;37.804443;186.899994;23.257313;55.910927;37.805096;1;62309;
32;266;264290;61071;0;55.910080;37.804443;186.800003;23.350861;55.910927;37.805096;1;43430;
32;267;265279;61072;0;55.910084;37.804436;186.199997;23.689409;55.910927;37.805096;1;39282;
32;268;266277;61073;0;55.910088;37.804436;186.100006;23.785152;55.910927;37.805096;1;28031;
32;269;267269;61074;0;55.910095;37.804428;185.500000;24.224287;55.910927;37.805096;1;20950;
32;270;268258;61075;0;55.910099;37.804424;184.800003;24.445704;55.910927;37.805096;1;33189;
32;271;269235;61076;0;55.910103;37.804424;184.500000;24.545622;55.910927;37.805096;1;44017;
32;272;270232;61077;0;55.910103;37.804428;184.100006;24.422501;55.910927;37.805096;1;60390;
32;273;271236;61078;0;55.910107;37.804436;183.699997;24.274948;55.910927;37.805096;1;25425;
32;274;272233;61079;0;55.910107;37.804436;183.300003;24.274948;55.910927;37.805096;1;17726;
32;275;273221;61080;0;55.910110;37.804432;183.399994;24.499651;55.910927;37.805096;1;4548;
32;276;274217;61081;0;55.910110;37.804432;183.600006;24.499651;55.910927;37.805096;1;33489;
32;277;275215;61082;0;55.910118;37.804432;183.300003;24.703165;55.910927;37.805096;1;20692;
32;278;276204;61083;0;55.910122;37.804432;182.899994;24.806208;55.910927;37.805096;1;64448;
32;279;277199;61084;0;55.910130;37.804432;182.699997;25.014681;55.910927;37.805096;1;3319;
32;280;278192;61085;0;55.910137;37.804432;183.600006;25.226473;55.910927;37.805096;1;59539;
32;281;279175;61086;0;55.910149;37.804436;184.199997;25.422142;55.910927;37.805096;1;61059;
32;282;280170;61087;0;55.910156;37.804436;184.899994;25.641705;55.910927;37.805096;1;6296;
32;283;281164;61088;0;55.910164;37.804436;185.600006;25.864847;55.910927;37.805096;1;64383;
32;284;282159;61089;0;55.910172;37.804440;185.800003;25.960606;55.910927;37.805096;1;57297;
32;285;283151;61090;0;55.910183;37.804440;185.899994;26.306507;55.910927;37.805096;1;3316;
32;286;284141;61091;0;55.910187;37.804440;186.100006;26.423706;55.910927;37.805096;1;26355;
32;287;285134;61092;0;55.910194;37.804443;185.800003;26.527380;55.910927;37.805096;1;7726;
32;288;286134;61093;0;55.910202;37.804443;186.000000;26.767885;55.910927;37.805096;1;30551;
32;289;287142;61094;0;55.910210;37.804443;186.199997;27.012354;55.910927;37.805096;1;38767;
32;290;288133;61095;0;55.910217;37.804443;186.899994;27.261131;55.910927;37.805096;1;49356;
32;291;289101;61096;0;55.910229;37.804451;187.399994;27.366154;55.910927;37.805096;1;12647;
32;292;290098;61097;0;55.910236;37.804451;187.800003;27.624029;55.910927;37.805096;1;16759;
32;293;291090;61098;0;55.910248;37.804447;187.800003;28.159683;55.910927;37.805096;1;2896;
32;294;292085;61099;0;55.910259;37.804451;187.899994;28.425013;55.910927;37.805096;1;52811;
32;295;293081;61100;0;55.910271;37.804455;188.000000;28.698345;55.910927;37.805096;1;21042;
32;296;294074;61101;0;55.910282;37.804459;189.000000;28.979757;55.910927;37.805096;1;56180;
32;297;295084;61102;0;55.910294;37.804466;189.800003;29.122381;55.910927;37.805096;1;33748;
32;298;296076;61103;0;55.910309;37.804462;190.199997;29.869627;55.910927;37.805096;1;18591;
32;299;297068;61104;0;55.910320;37.804462;190.300003;30.334303;55.910927;37.805096;1;1774;
32;300;298065;61105;0;55.910332;37.804462;190.600006;30.812273;55.910927;37.805096;1;45664;
32;301;299038;61106;0;55.910343;37.804470;190.699997;30.996532;55.910927;37.805096;1;30285;
32;302;300027;61107;0;55.910351;37.804466;190.600006;31.485163;55.910927;37.805096;1;57469;
32;303;301018;61108;0;55.910362;37.804466;190.500000;31.999590;55.910927;37.805096;1;4115;
32;304;302015;61109;0;55.910374;37.804470;190.800003;32.371529;55.910927;37.805096;1;49306;
32;305;303027;61110;0;55.910389;37.804474;190.699997;32.940449;55.910927;37.805096;1;764;
32;306;304016;61111;0;55.910404;37.804466;190.000000;34.020584;55.910927;37.805096;1;44579;
32;307;305009;61112;0;55.910412;37.804462;189.600006;34.573994;55.910927;37.805096;1;10698;
32;308;306007;61113;0;55.910416;37.804466;189.300003;34.611286;55.910927;37.805096;1;35708;
32;309;306999;61114;0;55.910419;37.804470;188.899994;34.649071;55.910927;37.805096;1;55392;
32;310;307987;61115;0;55.910423;37.804470;188.699997;34.851616;55.910927;37.805096;1;63296;
32;311;308962;61116;0;55.910427;37.804474;189.199997;34.891548;55.910927;37.805096;1;12829;
32;312;309958;61117;0;55.910431;37.804482;189.199997;34.765785;55.910927;37.805096;1;10534;
32;313;310966;61118;0;55.910439;37.804485;189.300003;35.015106;55.910927;37.805096;1;23678;
32;314;311956;61119;0;55.910446;37.804485;189.500000;35.440212;55.910927;37.805096;1;52202;
32;315;312952;61120;0;55.910454;37.804489;189.600006;35.704044;55.910927;37.805096;1;39531;
32;316;313949;61121;0;55.910469;37.804485;189.899994;36.770981;55.910927;37.805096;1;26738;
32;317;314938;61122;0;55.910480;37.804489;190.199997;37.295662;55.910927;37.805096;1;11191;
32;318;315930;61123;0;55.910496;37.804489;190.300003;38.260780;55.910927;37.805096;1;24571;
32;319;316927;61124;0;55.910507;37.804485;190.300003;39.188385;55.910927;37.805096;1;46298;
32;320;317919;61125;0;55.910519;37.804489;190.000000;39.789688;55.910927;37.805096;1;9341;
32;321;318906;61126;0;55.910530;37.804489;189.899994;40.592884;55.910927;37.805096;1;34360;
32;322;319897;61127;0;55.910549;37.804489;189.600006;41.992439;55.910927;37.805096;1;20495;
32;323;320895;61128;0;55.910564;37.804485;189.199997;43.348862;55.910927;37.805096;1;10668;
32;324;321887;61129;0;55.910580;37.804478;188.899994;44.936184;55.910927;37.805096;1;18100;
32;325;322876;61130;0;55.910595;37.804474;188.500000;46.399662;55.910927;37.805096;1;75;
32;326;323874;61131;0;55.910606;37.804470;188.100006;47.577198;55.910927;37.805096;1;47791;
32;327;324871;61132;0;55.910618;37.804466;187.399994;48.785591;55.910927;37.805096;1;52323;
32;328;325867;61133;0;55.910633;37.804462;186.899994;50.388618;55.910927;37.805096;1;41214;
32;329;326876;61134;0;55.910648;37.804459;186.399994;52.048740;55.910927;37.805096;1;54290;
32;330;327867;61135;0;55.910656;37.804455;185.699997;52.982510;55.910927;37.805096;1;42976;
32;331;328844;61136;0;55.910667;37.804455;185.399994;54.164207;55.910927;37.805096;1;28380;
32;332;329838;61137;0;55.910679;37.804443;184.699997;55.854843;55.910927;37.805096;1;25761;
32;333;330832;61138;0;55.910694;37.804436;184.100006;57.825603;55.910927;37.805096;1;26062;
32;334;331830;61139;0;55.910706;37.804428;183.800003;59.402740;55.910927;37.805096;1;64228;
32;335;332824;61140;0;55.910721;37.804420;183.899994;61.439190;55.910927;37.805096;1;53357;
32;336;333817;61141;0;55.910736;37.804420;185.199997;63.251419;55.910927;37.805096;1;33466;
32;337;334826;61142;0;55.910751;37.804417;185.899994;65.246315;55.910927;37.805096;1;41218;
32;338;335820;61143;0;55.910763;37.804417;186.600006;66.683304;55.910927;37.805096;1;13819;
32;339;336818;61144;0;55.910770;37.804413;187.000000;67.771553;55.910927;37.805096;1;48742;
32;340;337824;61145;0;55.910774;37.804413;187.300003;68.262619;55.910927;37.805096;1;39857;
32;341;338794;61146;0;55.910778;37.804409;187.699997;68.864578;55.910927;37.805096;1;54690;
32;342;339791;61147;0;55.910789;37.804401;188.300003;70.561066;55.910927;37.805096;1;29632;
32;343;340785;61148;0;55.910805;37.804390;188.800003;72.848717;55.910927;37.805096;1;11751;
32;344;341778;61149;0;55.910820;37.804375;189.699997;75.193718;55.910927;37.805096;1;277;
32;345;342792;61150;0;55.910828;37.804375;189.800003;76.209465;55.910927;37.805096;1;56102;
32;346;343782;61151;0;55.910831;37.804375;189.800003;76.720749;55.910927;37.805096;1;52720;
32;347;344780;61152;0;55.910835;37.804375;189.800003;77.234138;55.910927;37.805096;1;38526;
32;348;345774;61153;0;55.910839;37.804375;190.000000;77.749672;55.910927;37.805096;1;10911;
32;349;346764;61154;0;55.910847;37.804375;190.399994;78.786644;55.910927;37.805096;1;12866;
32;350;347765;61155;0;55.910851;37.804375;190.600006;79.307983;55.910927;37.805096;1;27285;
32;351;348739;61156;0;55.910854;37.804375;190.800003;79.831146;55.910927;37.805096;1;12162;
32;352;349734;61157;0;55.910858;37.804379;191.000000;80.305687;55.910927;37.805096;1;33588;
32;353;350755;61158;0;55.910862;37.804379;191.100006;80.834854;55.910927;37.805096;1;17933;
32;354;351749;61159;0;55.910866;37.804379;191.399994;81.365585;55.910927;37.805096;1;23314;
32;355;352709;61160;0;55.910873;37.804382;191.600006;82.391464;55.910927;37.805096;1;40082;
32;356;353702;61161;0;55.910873;37.804386;191.899994;82.351044;55.910927;37.805096;1;1161;
32;357;354693;61162;0;55.910877;37.804386;192.100006;82.891579;55.910927;37.805096;1;53454;
32;358;355692;61163;0;55.910881;37.804386;192.300003;83.433388;55.910927;37.805096;1;29702;
32;359;356682;61164;0;55.910885;37.804390;192.399994;83.944061;55.910927;37.805096;1;64738;
32;360;357651;61165;0;55.910889;37.804390;192.600006;84.491020;55.910927;37.805096;1;20025;
32;361;358665;61166;0;55.910889;37.804394;192.600006;84.461273;55.910927;37.805096;1;64110;
32;362;359659;61167;0;55.910892;37.804398;192.699997;84.461273;55.910927;37.805096;1;7542;
32;363;360654;61168;0;55.910896;37.804398;192.899994;85.539856;55.910927;37.805096;1;59648;
32;364;361648;61169;0;55.910896;37.804401;192.899994;85.515442;55.910927;37.805096;1;37806;
32;365;362636;61170;0;55.910896;37.804401;192.899994;85.515442;55.910927;37.805096;1;12380;
32;366;363652;61171;0;55.910900;37.804401;193.000000;86.074104;55.910927;37.805096;1;30539;
32;367;364642;61172;0;55.910904;37.804401;193.199997;86.074104;55.910927;37.805096;1;45494;
32;368;365632;61173;0;55.910912;37.804405;193.500000;86.633499;55.910927;37.805096;1;49724;
32;369;366642;61174;0;55.910915;37.804405;193.500000;87.741753;55.910927;37.805096;1;6179;
32;370;367617;61175;0;55.910923;37.804409;193.699997;88.305855;55.910927;37.805096;1;21651;
32;371;368611;61176;0;55.910931;37.804409;193.800003;89.431808;55.910927;37.805096;1;26049;
32;372;369606;61177;0;55.910934;37.804409;194.000000;90.567619;55.910927;37.805096;1;51340;
32;373;370597;61178;0;55.910934;37.804409;194.000000;91.135414;55.910927;37.805096;1;58247;
32;374;371596;61179;0;55.910934;37.804413;194.000000;91.135414;55.910927;37.805096;1;24597;
32;375;372587;61180;0;55.910927;37.804417;193.600006;91.141754;55.910927;37.805096;1;13524;
32;376;373576;61181;0;55.910919;37.804424;192.699997;89.999718;55.910927;37.805096;1;27644;
32;377;374594;61182;0;55.910912;37.804432;191.899994;88.838226;55.910927;37.805096;1;24065;
32;378;375588;61183;0;55.910908;37.804436;191.300003;87.651024;55.910927;37.805096;1;43869;
32;379;376582;61184;0;55.910908;37.804436;191.399994;87.047829;55.910927;37.805096;1;62640;
32;380;377552;61185;0;55.910912;37.804436;191.500000;87.047829;55.910927;37.805096;1;10799;
32;381;378541;61186;0;55.910912;37.804436;191.500000;87.637466;55.910927;37.805096;1;10152;
32;382;379542;61186;0;55.910912;37.804436;191.500000;87.637466;55.910927;37.805096;1;41720;
32;383;380535;61187;0;55.910915;37.804443;191.500000;88.206871;55.910927;37.805096;1;47965;
32;384;381525;61188;0;55.910919;37.804447;191.500000;88.797249;55.910927;37.805096;1;14795;
32;385;382542;61189;0;55.910919;37.804447;191.500000;88.797249;55.910927;37.805096;1;23717;
32;386;383534;61190;0;55.910923;37.804451;191.600006;89.394867;55.910927;37.805096;1;61771;
32;387;384532;61191;0;55.910923;37.804451;191.600006;89.394867;55.910927;37.805096;1;6897;
32;388;385522;61192;0;55.910931;37.804451;191.899994;90.604599;55.910927;37.805096;1;795;
32;389;386519;61193;0;55.910938;37.804451;192.199997;91.813789;55.910927;37.805096;1;10087;
32;390;387497;61194;0;55.910946;37.804447;192.699997;93.003624;55.910927;37.805096;1;11860;
32;391;388486;61195;0;55.910950;37.804451;193.800003;93.624207;55.910927;37.805096;1;41052;
32;392;389481;61196;0;55.910957;37.804451;194.600006;94.827377;55.910927;37.805096;1;59255;
32;393;390490;61197;0;55.910965;37.804451;195.300003;96.026299;55.910927;37.805096;1;22306;
32;394;391483;61198;0;55.910969;37.804451;195.800003;96.623825;55.910927;37.805096;1;42783;
32;395;392477;61199;0;55.910980;37.804455;196.600006;98.456612;55.910927;37.805096;1;8616;
32;396;393471;61200;0;55.910988;37.804455;197.800003;99.643448;55.910927;37.805096;1;20006;
32;397;394465;61201;0;55.910999;37.804459;198.500000;101.474358;55.910927;37.805096;1;18551;
32;398;395462;61202;0;55.911015;37.804459;199.399994;103.805267;55.910927;37.805096;1;9755;
32;399;396453;61203;0;55.911026;37.804466;200.100006;105.702736;55.910927;37.805096;1;38084;
32;400;397431;61204;0;55.911037;37.804470;200.600006;107.510025;55.910927;37.805096;1;26334;
32;401;398443;61205;0;55.911057;37.804470;201.000000;110.298744;55.910927;37.805096;1;14470;
32;402;399433;61206;0;55.911068;37.804474;200.899994;112.047646;55.910927;37.805096;1;12137;
32;403;400427;61207;0;55.911079;37.804485;200.899994;114.038811;55.910927;37.805096;1;11717;
32;404;401425;61208;0;55.911087;37.804493;201.600006;115.373604;55.910927;37.805096;1;60075;
32;405;402417;61209;0;55.911098;37.804501;201.800003;117.233246;55.910927;37.805096;1;23466;
32;406;403415;61210;0;55.911106;37.804508;201.899994;118.569145;55.910927;37.805096;1;2694;
32;407;404406;61211;0;55.911118;37.804516;203.000000;120.408623;55.910927;37.805096;1;44792;
32;408;405404;61212;0;55.911125;37.804523;203.699997;121.737320;55.910927;37.805096;1;46787;
32;409;406413;61213;0;55.911137;37.804527;204.399994;123.368294;55.910927;37.805096;1;64855;
32;410;407382;61214;0;55.911144;37.804535;205.100006;124.676170;55.910927;37.805096;1;37626;
32;411;408378;61215;0;55.911160;37.804535;205.899994;126.515083;55.910927;37.805096;1;4265;
32;412;409376;61216;0;55.911171;37.804543;206.899994;128.220215;55.910927;37.805096;1;7355;
32;413;410366;61217;0;55.911186;37.804543;207.000000;129.919724;55.910927;37.805096;1;58816;
32;414;411363;61218;0;55.911194;37.804550;207.500000;131.132965;55.910927;37.805096;1;28825;
32;415;412355;61219;0;55.911201;37.804562;207.899994;132.538681;55.910927;37.805096;1;60868;
32;416;413353;61220;0;55.911213;37.804573;208.300003;134.325668;55.910927;37.805096;1;19956;
32;417;414361;61221;0;55.911221;37.804585;208.500000;135.713806;55.910927;37.805096;1;27577;
32;418;415354;61222;0;55.911232;37.804592;208.399994;137.237427;55.910927;37.805096;1;3048;
32;419;416348;61223;0;55.911240;37.804596;208.500000;138.158630;55.910927;37.805096;1;22704;
32;420;417326;61224;0;55.911251;37.804592;208.300003;138.963730;55.910927;37.805096;1;35162;
32;421;418317;61225;0;55.911255;37.804588;208.100006;139.081375;55.910927;37.805096;1;61987;
32;422;419316;61226;0;55.911263;37.804600;207.899994;140.375656;55.910927;37.805096;1;32064;
32;423;420310;61227;0;55.911266;37.804600;207.600006;140.693405;55.910927;37.805096;1;49258;
32;424;421307;61228;0;55.911266;37.804615;206.899994;141.568298;55.910927;37.805096;1;64719;
32;425;422317;61229;0;55.911266;37.804634;206.000000;142.692474;55.910927;37.805096;1;28924;
32;426;423308;61230;0;55.911266;37.804653;205.100006;143.851227;55.910927;37.805096;1;54199;
32;427;424309;61231;0;55.911266;37.804672;204.199997;145.045349;55.910927;37.805096;1;35953;
32;428;425304;61232;0;55.911274;37.804688;203.300003;146.614029;55.910927;37.805096;1;41541;
32;429;426300;61233;0;55.911278;37.804688;202.899994;146.901001;55.910927;37.805096;1;9511;
32;430;427271;61234;0;55.911289;37.804699;202.300003;148.467422;55.910927;37.805096;1;38985;
32;431;428269;61235;0;55.911297;37.804722;201.899994;150.478561;55.910927;37.805096;1;55978;
32;432;429264;61236;0;55.911304;37.804749;201.899994;152.742767;55.910927;37.805096;1;37114;
32;433;430277;61237;0;55.911312;37.804779;201.199997;155.269791;55.910927;37.805096;1;38772;
32;434;431267;61238;0;55.911312;37.804806;201.100006;157.132858;55.910927;37.805096;1;55871;
32;435;432267;61239;0;55.911316;37.804829;200.800003;158.961136;55.910927;37.805096;1;35806;
32;436;433261;61240;0;55.911324;37.804848;199.500000;160.694305;55.910927;37.805096;1;26417;
32;437;434258;61241;0;55.911327;37.804867;199.000000;162.240646;55.910927;37.805096;1;33073;
32;438;435252;61242;0;55.911335;37.804878;197.199997;163.375824;55.910927;37.805096;1;1563;
32;439;436250;61243;0;55.911335;37.804886;195.800003;163.928223;55.910927;37.805096;1;44380;
32;440;437224;61244;0;55.911343;37.804893;193.699997;164.755157;55.910927;37.805096;1;1747;
32;441;438233;61245;0;55.911346;37.804901;192.699997;165.433182;55.910927;37.805096;1;198;
32;442;439224;61246;0;55.911354;37.804913;191.600006;166.493027;55.910927;37.805096;1;61014;
32;443;440222;61247;0;55.911362;37.804928;190.300003;167.793762;55.910927;37.805096;1;46735;
32;444;441221;61248;0;55.911366;37.804939;189.300003;168.699249;55.910927;37.805096;1;2452;
32;445;442214;61249;0;55.911373;37.804958;188.300003;170.215591;55.910927;37.805096;1;6784;
32;446;443205;61250;0;55.911381;37.804985;187.800003;172.221420;55.910927;37.805096;1;12251;
32;447;444203;61251;0;55.911385;37.804989;187.800003;172.548981;55.910927;37.805096;1;60742;
32;448;445197;61252;0;55.911388;37.804996;188.000000;173.132385;55.910927;37.805096;1;50061;
32;449;446211;61253;0;55.911392;37.805000;187.600006;173.447189;55.910927;37.805096;1;36855;
32;450;447185;61254;0;55.911396;37.805012;187.699997;174.275909;55.910927;37.805096;1;55790;
32;451;448179;61255;0;55.911396;37.805019;187.399994;174.793625;55.910927;37.805096;1;58812;
32;452;449175;61256;0;55.911400;37.805019;187.100006;174.834320;55.910927;37.805096;1;7501;
32;453;450170;61257;0;55.911400;37.805023;186.800003;175.090668;55.910927;37.805096;1;25590;
32;454;451160;61258;0;55.911400;37.805031;186.500000;175.605698;55.910927;37.805096;1;3171;
32;455;452162;61259;0;55.911400;37.805035;186.399994;175.862000;55.910927;37.805096;1;61034;
32;456;453157;61260;0;55.911400;37.805038;186.199997;176.120407;55.910927;37.805096;1;33381;
32;457;454162;61261;0;55.911400;37.805054;186.000000;177.152023;55.910927;37.805096;1;45374;
32;458;455162;61262;0;55.911396;37.805088;187.300003;179.482788;55.910927;37.805096;1;464;
32;459;456152;61263;0;55.911392;37.805122;188.699997;178.156998;55.910927;37.805096;1;43280;
32;460;457130;61264;0;55.911388;37.805145;189.399994;176.554108;55.910927;37.805096;1;17069;
32;461;458124;61265;0;55.911385;37.805153;189.699997;175.992523;55.910927;37.805096;1;54701;
32;462;459120;61266;0;55.911381;37.805157;189.100006;175.689392;55.910927;37.805096;1;63516;
32;463;460110;61267;0;55.911373;37.805164;189.000000;175.071640;55.910927;37.805096;1;5298;
32;464;461105;61268;0;55.911373;37.805176;189.199997;174.256134;55.910927;37.805096;1;13318;
32;465;462111;61269;0;55.911373;37.805183;189.600006;173.713028;55.910927;37.805096;1;63739;
32;466;463117;61270;0;55.911373;37.805195;189.399994;172.900650;55.910927;37.805096;1;49962;
32;467;464107;61271;0;55.911369;37.805206;189.399994;172.023407;55.910927;37.805096;1;6822;
32;468;465101;61272;0;55.911366;37.805225;189.300003;170.590897;55.910927;37.805096;1;63888;
32;469;466096;61273;0;55.911362;37.805237;188.800003;169.689880;55.910927;37.805096;1;45956;
32;470;467070;61274;0;55.911354;37.805244;188.399994;168.956253;55.910927;37.805096;1;64474;
32;471;468071;61275;0;55.911346;37.805252;187.399994;168.199768;55.910927;37.805096;1;47617;
32;472;469061;61276;0;55.911343;37.805267;186.399994;166.971771;55.910927;37.805096;1;13272;
32;473;470067;61277;0;55.911335;37.805275;185.699997;166.169327;55.910927;37.805096;1;20622;
32;474;471067;61278;0;55.911331;37.805279;185.000000;165.758743;55.910927;37.805096;1;21340;
32;475;472058;61279;0;55.911327;37.805279;184.500000;165.628571;55.910927;37.805096;1;59960;
32;476;473051;61280;0;55.911324;37.805279;183.899994;165.496017;55.910927;37.805096;1;24494;
32;477;474063;61281;0;55.911316;37.805286;183.100006;164.636993;55.910927;37.805096;1;65505;
32;478;475054;61282;0;55.911304;37.805302;182.399994;163.000824;55.910927;37.805096;1;8909;
32;479;476053;61283;0;55.911297;37.805309;181.500000;162.069305;55.910927;37.805096;1;63891;
32;480;477023;61284;0;55.911285;37.805313;180.800003;161.228775;55.910927;37.805096;1;12148;
32;481;478036;61285;0;55.911274;37.805317;180.300003;160.341492;55.910927;37.805096;1;55252;
32;482;479036;61286;0;55.911266;37.805317;180.100006;159.935150;55.910927;37.805096;1;49538;
32;483;480028;61287;0;55.911266;37.805317;180.000000;159.935150;55.910927;37.805096;1;35170;
32;484;481026;61288;0;55.911270;37.805321;180.000000;159.824783;55.910927;37.805096;1;24788;
32;485;482020;61289;0;55.911274;37.805325;180.100006;159.718048;55.910927;37.805096;1;37742;
32;486;483011;61290;0;55.911274;37.805328;180.000000;159.408524;55.910927;37.805096;1;39927;
32;487;484010;61291;0;55.911278;37.805332;180.000000;159.307999;55.910927;37.805096;1;32957;
32;488;485006;61292;0;55.911278;37.805336;180.100006;159.003098;55.910927;37.805096;1;5840;
32;489;486017;61293;0;55.911278;37.805340;180.199997;158.699265;55.910927;37.805096;1;11996;
32;490;486992;61294;0;55.911274;37.805328;180.600006;159.408524;55.910927;37.805096;1;26162;
32;491;487983;61295;0;55.911274;37.805321;180.899994;160.029037;55.910927;37.805096;1;61237;
32;492;488981;61296;0;55.911270;37.805317;181.199997;160.139893;55.910927;37.805096;1;44695;
32;493;489977;61297;0;55.911266;37.805317;181.199997;159.935150;55.910927;37.805096;1;7120;
32;494;490967;61298;0;55.911259;37.805321;181.300003;159.188019;55.910927;37.805096;1;54452;
32;495;491966;61299;0;55.911255;37.805325;181.500000;158.642746;55.910927;37.805096;1;41461;
32;496;492958;61300;0;55.911251;37.805325;181.600006;158.414597;55.910927;37.805096;1;48844;
32;497;493967;61301;0;55.911247;37.805325;181.699997;158.181717;55.910927;37.805096;1;25856;
32;498;494966;61302;0;55.911240;37.805325;180.399994;157.701233;55.910927;37.805096;1;57815;
32;499;495960;61303;0;55.911232;37.805325;179.500000;157.199677;55.910927;37.805096;1;59805;
32;500;496939;61304;0;55.911224;37.805325;179.699997;156.677139;55.910927;37.805096;1;58422;
32;501;497934;61305;0;55.911221;37.805325;179.699997;156.406998;55.910927;37.805096;1;8091;
32;502;498925;61306;0;55.911217;37.805325;179.300003;156.130890;55.910927;37.805096;1;4507;
32;503;499923;61307;0;55.911209;37.805328;178.699997;155.202148;55.910927;37.805096;1;29165;
32;504;500919;61308;0;55.911201;37.805332;179.300003;154.236313;55.910927;37.805096;1;23118;
32;505;501933;61309;0;55.911190;37.805340;179.100006;152.531479;55.910927;37.805096;1;54185;
32;506;502928;61310;0;55.911182;37.805347;178.899994;151.095871;55.910927;37.805096;1;14986;
32;507;503919;61311;0;55.911175;37.805359;178.800003;149.247986;55.910927;37.805096;1;61051;
32;508;504933;61312;0;55.911171;37.805370;178.800003;147.766953;55.910927;37.805096;1;27811;
32;509;505924;61313;0;55.911163;37.805386;178.899994;145.508942;55.910927;37.805096;1;7382;
32;510;506898;61314;0;55.911156;37.805397;179.000000;143.573914;55.910927;37.805096;1;23620;
32;511;507896;61315;0;55.911140;37.805405;179.500000;140.968048;55.910927;37.805096;1;31653;
32;512;508889;61316;0;55.911133;37.805416;180.100006;138.915848;55.910927;37.805096;1;6702;
32;513;509900;61317;0;55.911121;37.805428;180.899994;136.284821;55.910927;37.805096;1;17200;
32;514;510893;61318;0;55.911110;37.805439;181.500000;133.577850;55.910927;37.805096;1;6523;
32;515;511884;61319;0;55.911102;37.805454;182.100006;131.124039;55.910927;37.805096;1;8777;
32;516;512888;61320;0;55.911098;37.805466;183.000000;129.614944;55.910927;37.805096;1;38736;
32;517;513879;61321;0;55.911095;37.805477;183.500000;128.133179;55.910927;37.805096;1;58998;
32;518;514874;61322;0;55.911095;37.805481;183.699997;127.856712;55.910927;37.805096;1;26207;
32;519;515872;61323;0;55.911095;37.805489;183.899994;127.313614;55.910927;37.805096;1;25748;
32;520;516842;61324;0;55.911091;37.805492;184.300003;126.415588;55.910927;37.805096;1;56182;
32;521;517853;61325;0;55.911087;37.805500;184.300003;125.257774;55.910927;37.805096;1;35171;
32;522;518846;61326;0;55.911079;37.805508;184.100006;123.456825;55.910927;37.805096;1;29293;
32;523;519841;61327;0;55.911076;37.805511;183.600006;122.552956;55.910927;37.805096;1;9778;
32;524;520841;61328;0;55.911064;37.805511;183.100006;120.509392;55.910927;37.805096;1;1900;
32;525;521843;61329;0;55.911053;37.805515;183.399994;118.157898;55.910927;37.805096;1;52856;
32;526;522837;61330;0;55.911041;37.805527;183.300003;115.345512;55.910927;37.805096;1;20270;
32;527;523839;61331;0;55.911034;37.805534;183.000000;113.480530;55.910927;37.805096;1;6713;
32;528;524829;61332;0;55.911026;37.805534;182.199997;111.967995;55.910927;37.805096;1;10357;
32;529;525840;61333;0;55.911022;37.805538;182.199997;111.032608;55.910927;37.805096;1;62950;
32;530;526810;61334;0;55.911022;37.805538;182.100006;111.032608;55.910927;37.805096;1;62936;
32;531;527804;61335;0;55.911022;37.805542;181.899994;110.868408;55.910927;37.805096;1;2921;
32;532;528804;61336;0;55.911018;37.805542;181.800003;110.101791;55.910927;37.805096;1;8910;
32;533;529796;61337;0;55.911018;37.805542;181.699997;110.101791;55.910927;37.805096;1;35164;
32;534;530789;61338;0;55.911018;37.805542;181.699997;110.101791;55.910927;37.805096;1;6781;
32;535;531787;61339;0;55.911018;37.805542;181.000000;110.101791;55.910927;37.805096;1;13264;
32;536;532777;61340;0;55.911015;37.805546;180.199997;109.175659;55.910927;37.805096;1;2296;
32;537;533790;61341;0;55.911015;37.805546;180.399994;109.175659;55.910927;37.805096;1;38466;
32;538;534783;61342;0;55.911015;37.805550;180.500000;109.026176;55.910927;37.805096;1;59517;
32;539;535780;61343;0;55.911015;37.805550;180.399994;109.026176;55.910927;37.805096;1;43439;
32;540;536757;61344;0;55.911015;37.805550;180.399994;109.026176;55.910927;37.805096;1;64999;
